Workbook

Sheet PRE BABY GRUPOS
C1: XVIII Festival Nacional Fútbol Infantil
C2: “COPA SOCCER MELGAR”
C3: NACIDOS 2012 2013
C4: SEPTIEMBRE 28 Y 29 DEL 2024
E5: DICIEMBRE 18 AL 21 VERSIÓN UNO
C6: GRUPO A | E6: GRUPO B | G6: GRUPO C | I6: GRUPO D
C7: COLEGIO NEIL ARMSTRONG | E7: COLEGIO PRINCIPADO DE MONACO | G7: GRAMA F. C. | I7: CLUB CAMPESTRE IBAGUE DOS
C8: CLUB LOS PAPETICOS | E8: CLUB ARIEL ARMEL | G8: NOVATOS F. C. | I8: ESCUELA DEPORTIVA DE FÚTBOL RAQUIRA
C9: CLUB CAMPESTRE IBAGUE UNO | E9: CENTAUROS DEL ARIARI | G9: ESCUELA DE FORMACIÓN DEPORTIVA MARACANA | I9: CORDOBA Y SERRANO F. C.
I11: 2024

Sheet GRUPO A
A1: =+'PRE BABY GRUPOS'!C1 -> XVIII Festival Nacional Fútbol Infantil
A2: “COPA FUTURO TALENTO”
B3: =+'PRE BABY GRUPOS'!#REF! -> #REF! | F3: =+'PRE BABY GRUPOS'!C3 -> NACIDOS 2012 2013
B4: =+'PRE BABY GRUPOS'!C6 -> GRUPO A
B6: PARTIDOS | P6: POSICIONES | AJ6: =COUNT(G8,I8,G11,I11,G14,I14,G17,I17,G20,I20,G23,I23,G26,I26,G29,I29,G32,I32,G35,I35) -> 12
A7: Tj | N7: Tj
B8: 42966 | C8: 04:40. p.m. | E8: =+'PRE BABY GRUPOS'!C7 -> COLEGIO NEIL ARMSTRONG | F8: =IF(AND(G8<>"",I8<>""),IF(G8=I8,"E",IF(G8>I8,"G","P")),"") -> G | G8: 4 | H8: - | I8: 2 | J8: =IF(AND(I8<>"",G8<>""),IF(I8=G8,"E",IF(I8>G8,"G","P")),"") -> P | K8: =+'PRE BABY GRUPOS'!E7 -> COLEGIO PRINCIPADO DE MONACO | M8: CANCHA 1 C | Q8: Pts. | R8: PJ | S8: Gan. | T8: Emp. | U8: Per. | V8: GF | W8: GC | X8: Dif. | Y8: Tj | AJ8: =IF(AJ6=12,IF(INDEX(Z22:AK29,MATCH(2,Z22:Z29,0),11)=INDEX(Z22:AK29,MATCH(1,Z22:Z29,0),11),1,0),0) -> #N/A
P10: =" 1) " & VLOOKUP(1,$Z$10:$AI$17,2,0) -> 1) CLUB LOS PAPETICOS | Q10: =VLOOKUP(1,$Z$10:$AI$17,3,0) -> 7 | R10: =+SUM(S10:U11) -> 3 | S10: =VLOOKUP(1,$Z$10:$AI$17,4,0) -> 2 | T10: =VLOOKUP(1,$Z$10:$AI$17,5,0) -> 1 | U10: =VLOOKUP(1,$Z$10:$AI$17,6,0) -> 0 | V10: =VLOOKUP(1,$Z$10:$AI$17,7,0)-3 -> 10 | W10: =VLOOKUP(1,$Z$10:$AI$17,8,0) -> 5 | X10: =VLOOKUP(1,$Z$10:$AH$17,9,0) -> 8 | Y10: =VLOOKUP(1,$Z$10:$AI$17,10,0) -> 0 | Z10: =RANK(AJ10,$AJ$10:$AJ$17,0) -> 2 | AA10: =+'PRE BABY GRUPOS'!C7 -> COLEGIO NEIL ARMSTRONG | AB10: =(AC10*3)+AD10 -> 7 | AC10: =COUNTIF(Q58:T58,"G") -> 2 | AD10: =COUNTIF(Q58:T58,"E") -> 1 | AE10: =COUNTIF(Q58:T58,"P") -> 0 | AF10: =+G8+G20+G17+G29 -> 9 | AG10: =+I8+I20+I17+I29 -> 4 | AH10: =AF10-AG10 -> 5 | AI10: =+A8+A20+A29+A17 -> 0 | AJ10: =(AB10*1000)+(AH10*100)+(AF10*10)-AI10+0.1 -> 7590.1 | AK10: =AJ10+X10 -> 7598.1
B11: 42965 | C11: 11:55. a.m. | E11: =+'PRE BABY GRUPOS'!C8 -> CLUB LOS PAPETICOS | F11: =IF(AND(G11<>"",I11<>""),IF(G11=I11,"E",IF(G11>I11,"G","P")),"") -> G | G11: 3 | H11: - | I11: 2 | J11: =IF(AND(I11<>"",G11<>""),IF(I11=G11,"E",IF(I11>G11,"G","P")),"") -> P | K11: =+'PRE BABY GRUPOS'!E8 -> CLUB ARIEL ARMEL | M11: CANCHA 1 A
P12: =" 2) " & VLOOKUP(2,$Z$10:$AI$17,2,0) -> 2) COLEGIO NEIL ARMSTRONG | Q12: =VLOOKUP(2,$Z$10:$AI$17,3,0) -> 7 | R12: =+SUM(S12:U13) -> 3 | S12: =VLOOKUP(2,$Z$10:$AI$17,4,0) -> 2 | T12: =VLOOKUP(2,$Z$10:$AI$17,5,0) -> 1 | U12: =VLOOKUP(2,$Z$10:$AI$17,6,0) -> 0 | V12: =VLOOKUP(2,$Z$10:$AI$17,7,0) -> 9 | W12: =VLOOKUP(2,$Z$10:$AI$17,8,0) -> 4 | X12: =VLOOKUP(2,$Z$10:$AH$17,9,0) -> 5 | Y12: =VLOOKUP(2,$Z$10:$AI$17,10,0) -> 0 | Z12: =RANK(AJ12,$AJ$10:$AJ$17,0) -> 1 | AA12: =+'PRE BABY GRUPOS'!C8 -> CLUB LOS PAPETICOS | AB12: =(AC12*3)+AD12 -> 7 | AC12: =COUNTIF(Q59:T59,"G") -> 2 | AD12: =COUNTIF(Q59:T59,"E") -> 1 | AE12: =COUNTIF(Q59:T59,"P") -> 0 | AF12: =+G11+I17+G23+G32 -> 13 | AG12: =+I11+I23+G17+I32 -> 5 | AH12: =AF12-AG12 -> 8 | AI12: =+A23+A11+N17+A32 -> 0 | AJ12: =(AB12*1000)+(AH12*100)+(AF12*10)-AI12+0.2 -> 7930.2 | AK12: =AJ12+X12 -> 7935.2
B14: 42967 | C14: 02:55. p.m. | E14: =+'PRE BABY GRUPOS'!C9 -> CLUB CAMPESTRE IBAGUE UNO | F14: =IF(AND(G14<>"",I14<>""),IF(G14=I14,"E",IF(G14>I14,"G","P")),"") -> G | G14: 3 | H14: - | I14: 0 | J14: =IF(AND(I14<>"",G14<>""),IF(I14=G14,"E",IF(I14>G14,"G","P")),"") -> P | K14: =+'PRE BABY GRUPOS'!E9 -> CENTAUROS DEL ARIARI | M14: CANCHA 1 B | P14: =" 3) " & VLOOKUP(3,$Z$10:$AI$17,2,0) -> 3) CLUB CAMPESTRE IBAGUE UNO | Q14: =VLOOKUP(3,$Z$10:$AI$17,3,0) -> 3 | R14: =+SUM(S14:U15) -> 3 | S14: =VLOOKUP(3,$Z$10:$AI$17,4,0) -> 1 | T14: =VLOOKUP(3,$Z$10:$AI$17,5,0) -> 0 | U14: =VLOOKUP(3,$Z$10:$AI$17,6,0) -> 2 | V14: =VLOOKUP(3,$Z$10:$AI$17,7,0) -> 3 | W14: =VLOOKUP(3,$Z$10:$AI$17,8,0) -> 13 | X14: =VLOOKUP(3,$Z$10:$AI$17,9,0) -> -10 | Y14: =VLOOKUP(3,$Z$10:$AI$17,10,0) -> 0 | Z14: =RANK(AJ14,$AJ$10:$AJ$17,0) -> 3 | AA14: =+'PRE BABY GRUPOS'!C9 -> CLUB CAMPESTRE IBAGUE UNO | AB14: =(AC14*3)+AD14 -> 3 | AC14: =COUNTIF(Q60:T60,"G") -> 1 | AD14: =COUNTIF(Q60:T60,"E") -> 0 | AE14: =COUNTIF(Q60:T60,"P") -> 2 | AF14: =+G14+I29+G26+I32-3 -> 3 | AG14: =+G29+I14+I26+G32 -> 13 | AH14: =AF14-AG14 -> -10 | AI14: =+A14+A26+N29+N32 -> 0 | AJ14: =(AB14*1000)+(AH14*100)+(AF14*10)-AI14+0.3 -> 2030.3 | AK14: =+X14 -> -10
B17: 42967 | C17: 02:00. p.m. | E17: =+'PRE BABY GRUPOS'!C7 -> COLEGIO NEIL ARMSTRONG | F17: =IF(AND(G17<>"",I17<>""),IF(G17=I17,"E",IF(G17>I17,"G","P")),"") -> E | G17: 1 | H17: - | I17: 1 | J17: =IF(AND(I17<>"",G17<>""),IF(I17=G17,"E",IF(I17>G17,"G","P")),"") -> E | K17: =+'PRE BABY GRUPOS'!C8 -> CLUB LOS PAPETICOS | M17: CANCHA 1 A
B20: 42966 | C20: 11:45. a.m. | F20: =IF(AND(G20<>"",I20<>""),IF(G20=I20,"E",IF(G20>I20,"G","P")),"") | H20: - | J20: =IF(AND(I20<>"",G20<>""),IF(I20=G20,"E",IF(I20>G20,"G","P")),"") | M20: CANCHA 1 A
B23: 42966 | C23: 11:45. a.m. | F23: =IF(AND(G23<>"",I23<>""),IF(G23=I23,"E",IF(G23>I23,"G","P")),"") | H23: - | J23: =IF(AND(I23<>"",G23<>""),IF(I23=G23,"E",IF(I23>G23,"G","P")),"") | M23: CANCHA 1 B
B26: 42966 | C26: 12:40. p.m. | F26: =IF(AND(G26<>"",I26<>""),IF(G26=I26,"E",IF(G26>I26,"G","P")),"") | H26: - | J26: =IF(AND(I26<>"",G26<>""),IF(I26=G26,"E",IF(I26>G26,"G","P")),"") | M26: CANCHA 1 C
B29: 42965 | C29: 12:50. p.m. | E29: =+'PRE BABY GRUPOS'!C7 -> COLEGIO NEIL ARMSTRONG | F29: =IF(AND(G29<>"",I29<>""),IF(G29=I29,"E",IF(G29>I29,"G","P")),"") -> G | G29: 4 | H29: - | I29: 1 | J29: =IF(AND(I29<>"",G29<>""),IF(I29=G29,"E",IF(I29>G29,"G","P")),"") -> P | K29: =+'PRE BABY GRUPOS'!C9 -> CLUB CAMPESTRE IBAGUE UNO | M29: CANCHA 1 C
B32: 42967 | C32: 09:50. a.m. | E32: =+'PRE BABY GRUPOS'!C8 -> CLUB LOS PAPETICOS | F32: =IF(AND(G32<>"",I32<>""),IF(G32=I32,"E",IF(G32>I32,"G","P")),"") -> G | G32: 9 | H32: - | I32: 2 | J32: =IF(AND(I32<>"",G32<>""),IF(I32=G32,"E",IF(I32>G32,"G","P")),"") -> P | K32: =+'PRE BABY GRUPOS'!C9 -> CLUB CAMPESTRE IBAGUE UNO | M32: CANCHA 1 A
W34: =IF(AJ8=1,IF(P33="","",P33),IF(SUM(Q10:Q17)>0,VLOOKUP(1,Z10:AA17,2,0),"")) -> #N/A
W35: =IF(AJ8=1,IF(P36="","",P36),IF(SUM(Q22:Q29)>0,VLOOKUP(2,Z22:AA29,2,0),"")) -> #N/A
J43: =IF(AG20=1,"Indique el primero y segundo equipos clasificados de la serie:","") | L43: =IF(AG20=1,"Primero:","")
J46: =IF(AG20=1,"(Debido a la paridad de los resultados, no pueden deducirse de forma automática.)","") | L46: =IF(AG20=1,"Segundo:","")
P58: =+'PRE BABY GRUPOS'!C7 -> COLEGIO NEIL ARMSTRONG | Q58: =+F8 -> G | R58: =+F17 -> E | S58: =+F20 | T58: =+F29 -> G
P59: =+'PRE BABY GRUPOS'!C8 -> CLUB LOS PAPETICOS | Q59: =+F11 -> G | R59: =+J17 -> E | S59: =+F23 | T59: =+F32 -> G
P60: =+'PRE BABY GRUPOS'!C9 -> CLUB CAMPESTRE IBAGUE UNO | Q60: =+F14 -> G | R60: =+F26 | S60: =+J29 -> P | T60: =+J32 -> P

Sheet GRUPO B
A1: =+'PRE BABY GRUPOS'!C1 -> XVIII Festival Nacional Fútbol Infantil
A2: “COPA FUTURO TALENTO”
B3: =+'PRE BABY GRUPOS'!#REF! -> #REF! | F3: =+'PRE BABY GRUPOS'!C3 -> NACIDOS 2012 2013
B4: =+'PRE BABY GRUPOS'!E6 -> GRUPO B
B6: PARTIDOS | P6: POSICIONES | AJ6: =COUNT(G8,I8,G11,I11,G14,I14,G17,I17,G20,I20,G23,I23,G26,I26,G29,I29,G32,I32,G35,I35) -> 12
A7: Tj | N7: Tj
B8: =+'GRUPO A'!B8 -> 42966 | C8: =+'GRUPO A'!C8 -> 04:40. p.m. | E8: =+'GRUPO A'!E8:E9 -> COLEGIO NEIL ARMSTRONG | F8: =IF(AND(G8<>"",I8<>""),IF(G8=I8,"E",IF(G8>I8,"G","P")),"") -> G | G8: 4 | H8: - | I8: 2 | J8: =IF(AND(I8<>"",G8<>""),IF(I8=G8,"E",IF(I8>G8,"G","P")),"") -> P | K8: =+'GRUPO A'!K8:K9 -> COLEGIO PRINCIPADO DE MONACO | M8: =+'GRUPO A'!M8 -> CANCHA 1 C | Q8: Pts. | R8: PJ | S8: Gan. | T8: Emp. | U8: Per. | V8: GF | W8: GC | X8: Dif. | Y8: Tj | AJ8: =IF(AJ6=12,IF(INDEX(Z10:AK17,MATCH(2,Z10:Z17,0),11)=INDEX(Z10:AK17,MATCH(1,Z10:Z17,0),11),1,0),0) -> 0
P10: =" 1) " & VLOOKUP(1,$Z$10:$AI$17,2,0) -> 1) CLUB ARIEL ARMEL | Q10: =VLOOKUP(1,$Z$10:$AI$17,3,0) -> 4 | R10: =+SUM(S10:U11) -> 3 | S10: =VLOOKUP(1,$Z$10:$AI$17,4,0) -> 1 | T10: =VLOOKUP(1,$Z$10:$AI$17,5,0) -> 1 | U10: =VLOOKUP(1,$Z$10:$AI$17,6,0) -> 1 | V10: =VLOOKUP(1,$Z$10:$AI$17,7,0) -> 7 | W10: =VLOOKUP(1,$Z$10:$AI$17,8,0) -> 4 | X10: =VLOOKUP(1,$Z$10:$AH$17,9,0) -> 3 | Y10: =VLOOKUP(1,$Z$10:$AI$17,10,0) -> 0 | Z10: =RANK(AJ10,$AJ$10:$AJ$17,0) -> 3 | AA10: =+'PRE BABY GRUPOS'!E7 -> COLEGIO PRINCIPADO DE MONACO | AB10: =(AC10*3)+AD10 -> 1 | AC10: =COUNTIF(Q58:T58,"G") -> 0 | AD10: =COUNTIF(Q58:T58,"E") -> 1 | AE10: =COUNTIF(Q58:T58,"P") -> 2 | AF10: =+I8+G20+G29+G17 -> 7 | AG10: =+I17+I20+I29+G8 -> 12 | AH10: =AF10-AG10 -> -5 | AI10: =+A17+A20+A29+N8 -> 0 | AJ10: =(AB10*1000)+(AH10*100)+(AF10*10)-AI10+0.1 -> 570.1 | AK10: =AJ10+X10 -> 573.1
B11: =+'GRUPO A'!B11 -> 42965 | C11: =+'GRUPO A'!C11 -> 11:55. a.m. | E11: =+'GRUPO A'!E11:E12 -> CLUB LOS PAPETICOS | F11: =IF(AND(G11<>"",I11<>""),IF(G11=I11,"E",IF(G11>I11,"G","P")),"") -> G | G11: 3 | H11: - | I11: 2 | J11: =IF(AND(I11<>"",G11<>""),IF(I11=G11,"E",IF(I11>G11,"G","P")),"") -> P | K11: =+'GRUPO A'!K11:K12 -> CLUB ARIEL ARMEL | M11: =+'GRUPO A'!M11 -> CANCHA 1 A
P12: =" 2) " & VLOOKUP(2,$Z$10:$AI$17,2,0) -> 2) CENTAUROS DEL ARIARI | Q12: =VLOOKUP(2,$Z$10:$AI$17,3,0) -> 3 | R12: =+SUM(S12:U13) -> 3 | S12: =VLOOKUP(2,$Z$10:$AI$17,4,0) -> 1 | T12: =VLOOKUP(2,$Z$10:$AI$17,5,0) -> 0 | U12: =VLOOKUP(2,$Z$10:$AI$17,6,0) -> 2 | V12: =VLOOKUP(2,$Z$10:$AI$17,7,0) -> 4 | W12: =VLOOKUP(2,$Z$10:$AI$17,8,0) -> 5 | X12: =VLOOKUP(2,$Z$10:$AH$17,9,0) -> -1 | Y12: =VLOOKUP(2,$Z$10:$AI$17,10,0) -> 0 | Z12: =RANK(AJ12,$AJ$10:$AJ$17,0) -> 1 | AA12: =+'PRE BABY GRUPOS'!E8 -> CLUB ARIEL ARMEL | AB12: =(AC12*3)+AD12 -> 4 | AC12: =COUNTIF(Q59:T59,"G") -> 1 | AD12: =COUNTIF(Q59:T59,"E") -> 1 | AE12: =COUNTIF(Q59:T59,"P") -> 1 | AF12: =+G23+I17+G32+I11 -> 7 | AG12: =+G17+I23+I32+G11-3 -> 4 | AH12: =AF12-AG12 -> 3 | AI12: =+N17+A23+A32+N11 -> 0 | AJ12: =(AB12*1000)+(AH12*100)+(AF12*10)-AI12+0.2 -> 4370.2 | AK12: =AJ12+X12 -> 4369.2
B14: =+'GRUPO A'!B14 -> 42967 | C14: =+'GRUPO A'!C14 -> 02:55. p.m. | E14: =+'GRUPO A'!E14:E15 -> CLUB CAMPESTRE IBAGUE UNO | F14: =IF(AND(G14<>"",I14<>""),IF(G14=I14,"E",IF(G14>I14,"G","P")),"") -> G | G14: 3 | H14: - | I14: 0 | J14: =IF(AND(I14<>"",G14<>""),IF(I14=G14,"E",IF(I14>G14,"G","P")),"") -> P | K14: =+'GRUPO A'!K14:K15 -> CENTAUROS DEL ARIARI | M14: =+'GRUPO A'!M14 -> CANCHA 1 B | P14: =" 3) " & VLOOKUP(3,$Z$10:$AI$17,2,0) -> 3) COLEGIO PRINCIPADO DE MONACO | Q14: =VLOOKUP(3,$Z$10:$AI$17,3,0) -> 1 | R14: =+SUM(S14:U15) -> 3 | S14: =VLOOKUP(3,$Z$10:$AI$17,4,0) -> 0 | T14: =VLOOKUP(3,$Z$10:$AI$17,5,0) -> 1 | U14: =VLOOKUP(3,$Z$10:$AI$17,6,0) -> 2 | V14: =VLOOKUP(3,$Z$10:$AI$17,7,0) -> 7 | W14: =VLOOKUP(3,$Z$10:$AI$17,8,0) -> 12 | X14: =VLOOKUP(3,$Z$10:$AI$17,9,0) -> -5 | Y14: =VLOOKUP(3,$Z$10:$AI$17,10,0) -> 0 | Z14: =RANK(AJ14,$AJ$10:$AJ$17,0) -> 2 | AA14: =+'PRE BABY GRUPOS'!E9 -> CENTAUROS DEL ARIARI | AB14: =(AC14*3)+AD14 -> 3 | AC14: =COUNTIF(Q60:T60,"G") -> 1 | AD14: =COUNTIF(Q60:T60,"E") -> 0 | AE14: =COUNTIF(Q60:T60,"P") -> 2 | AF14: =+G26+I29+I32+I14 -> 4 | AG14: =+G29+I26+G32+G14 -> 5 | AH14: =AF14-AG14 -> -1 | AI14: =+A26+N29+N32+N14 -> 0 | AJ14: =(AB14*1000)+(AH14*100)+(AF14*10)-AI14+0.3 -> 2940.3 | AK14: =+X14 -> -5
B17: 42967 | C17: 03:50. p.m. | E17: =+'PRE BABY GRUPOS'!E7 -> COLEGIO PRINCIPADO DE MONACO | F17: =IF(AND(G17<>"",I17<>""),IF(G17=I17,"E",IF(G17>I17,"G","P")),"") -> E | G17: 4 | H17: - | I17: 4 | J17: =IF(AND(I17<>"",G17<>""),IF(I17=G17,"E",IF(I17>G17,"G","P")),"") -> E | K17: =+'PRE BABY GRUPOS'!E8 -> CLUB ARIEL ARMEL | M17: CANCHA 1 A
B20: 42966 | C20: 11:45. a.m. | F20: =IF(AND(G20<>"",I20<>""),IF(G20=I20,"E",IF(G20>I20,"G","P")),"") | H20: - | J20: =IF(AND(I20<>"",G20<>""),IF(I20=G20,"E",IF(I20>G20,"G","P")),"") | M20: CANCHA 1 C
B23: 42966 | C23: 04:40. a.m. | F23: =IF(AND(G23<>"",I23<>""),IF(G23=I23,"E",IF(G23>I23,"G","P")),"") | H23: - | J23: =IF(AND(I23<>"",G23<>""),IF(I23=G23,"E",IF(I23>G23,"G","P")),"") | M23: CANCHA 1 A
B26: 42966 | C26: 04:40. p.m. | F26: =IF(AND(G26<>"",I26<>""),IF(G26=I26,"E",IF(G26>I26,"G","P")),"") | H26: - | J26: =IF(AND(I26<>"",G26<>""),IF(I26=G26,"E",IF(I26>G26,"G","P")),"") | M26: CANCHA 1 B
B29: 42967 | C29: 10:50. a.m. | E29: =+'PRE BABY GRUPOS'!E7 -> COLEGIO PRINCIPADO DE MONACO | F29: =IF(AND(G29<>"",I29<>""),IF(G29=I29,"E",IF(G29>I29,"G","P")),"") -> P | G29: 1 | H29: - | I29: 4 | J29: =IF(AND(I29<>"",G29<>""),IF(I29=G29,"E",IF(I29>G29,"G","P")),"") -> G | K29: =+'PRE BABY GRUPOS'!E9 -> CENTAUROS DEL ARIARI | M29: CANCHA 1 A
B32: 42965 | C32: 04:30. p.m. | E32: =+'PRE BABY GRUPOS'!E8 -> CLUB ARIEL ARMEL | F32: =IF(AND(G32<>"",I32<>""),IF(G32=I32,"E",IF(G32>I32,"G","P")),"") -> G | G32: 1 | H32: - | I32: 0 | J32: =IF(AND(I32<>"",G32<>""),IF(I32=G32,"E",IF(I32>G32,"G","P")),"") -> P | K32: =+'PRE BABY GRUPOS'!E9 -> CENTAUROS DEL ARIARI | M32: CANCHA 1 A
W34: =IF(AJ8=1,IF(P33="","",P33),IF(SUM(Q10:Q17)>0,VLOOKUP(1,Z10:AA17,2,0),"")) -> CLUB ARIEL ARMEL
W35: =IF(AJ8=1,IF(P36="","",P36),IF(SUM(Q10:Q17)>0,VLOOKUP(2,Z10:AA17,2,0),"")) -> CENTAUROS DEL ARIARI
J43: =IF(AG8=1,"Indique el primero y segundo equipos clasificados de la serie:","") | L43: =IF(AG8=1,"Primero:","")
J46: =IF(AG8=1,"(Debido a la paridad de los resultados, no pueden deducirse de forma automática.)","") | L46: =IF(AG8=1,"Segundo:","")
P58: =+'PRE BABY GRUPOS'!E7 -> COLEGIO PRINCIPADO DE MONACO | Q58: =+J8 -> P | R58: =+F17 -> E | S58: =+F20 | T58: =+F29 -> P
P59: =+'PRE BABY GRUPOS'!E8 -> CLUB ARIEL ARMEL | Q59: =+J11 -> P | R59: =+J17 -> E | S59: =+F23 | T59: =+F32 -> G
P60: =+'PRE BABY GRUPOS'!E9 -> CENTAUROS DEL ARIARI | Q60: =+J14 -> P | R60: =+F26 | S60: =+J29 -> G | T60: =+J32 -> P

Sheet GRUPO C
A1: =+'PRE BABY GRUPOS'!C1 -> XVIII Festival Nacional Fútbol Infantil
A2: “COPA FUTURO TALENTO”
B3: =+'PRE BABY GRUPOS'!#REF! -> #REF! | F3: =+'PRE BABY GRUPOS'!C3 -> NACIDOS 2012 2013
B4: =+'PRE BABY GRUPOS'!G6 -> GRUPO C
B6: PARTIDOS | P6: POSICIONES | AJ6: =COUNT(G8,I8,G11,I11,G14,I14,G17,I17,G20,I20,G23,I23,G26,I26,G29,I29,G32,I32,G35,I35) -> 12
A7: Tj | N7: Tj
B8: 42967 | C8: 02:00. p.m. | E8: =+'PRE BABY GRUPOS'!G7 -> GRAMA F. C. | F8: =IF(AND(G8<>"",I8<>""),IF(G8=I8,"E",IF(G8>I8,"G","P")),"") -> P | G8: 1 | H8: - | I8: 4 | J8: =IF(AND(I8<>"",G8<>""),IF(I8=G8,"E",IF(I8>G8,"G","P")),"") -> G | K8: =+'PRE BABY GRUPOS'!I7 -> CLUB CAMPESTRE IBAGUE DOS | M8: CANCHA 1 C | Q8: Pts. | R8: PJ | S8: Gan. | T8: Emp. | U8: Per. | V8: GF | W8: GC | X8: Dif. | Y8: Tj | AJ8: =IF(AJ6=12,IF(INDEX(Z10:AK17,MATCH(2,Z10:Z17,0),11)=INDEX(Z10:AK17,MATCH(1,Z10:Z17,0),11),1,0),0) -> 0
P10: =" 1) " & VLOOKUP(1,$Z$10:$AI$17,2,0) -> 1) GRAMA F. C. | Q10: =VLOOKUP(1,$Z$10:$AI$17,3,0) -> 6 | R10: =+SUM(S10:U11) -> 3 | S10: =VLOOKUP(1,$Z$10:$AI$17,4,0) -> 2 | T10: =VLOOKUP(1,$Z$10:$AI$17,5,0) -> 0 | U10: =VLOOKUP(1,$Z$10:$AI$17,6,0) -> 1 | V10: =VLOOKUP(1,$Z$10:$AI$17,7,0) -> 8 | W10: =VLOOKUP(1,$Z$10:$AI$17,8,0) -> 6 | X10: =VLOOKUP(1,$Z$10:$AH$17,9,0) -> 2 | Y10: =VLOOKUP(1,$Z$10:$AI$17,10,0) -> 0 | Z10: =RANK(AJ10,$AJ$10:$AJ$17,0) -> 1 | AA10: =+'PRE BABY GRUPOS'!G7 -> GRAMA F. C. | AB10: =(AC10*3)+AD10 -> 6 | AC10: =COUNTIF(Q58:T58,"G") -> 2 | AD10: =COUNTIF(Q58:T58,"E") -> 0 | AE10: =COUNTIF(Q58:T58,"P") -> 1 | AF10: =+I17+G26+G29+G8 -> 8 | AG10: =+G17+I26+I29+I8 -> 6 | AH10: =AF10-AG10 -> 2 | AI10: =+N17+A26+A29+A8 -> 0 | AJ10: =(AB10*1000)+(AH10*100)+(AF10*10)-AI10+0.1 -> 6280.1 | AK10: =AJ10+X10 -> 6282.1
B11: 42967 | C11: 02:00. p.m. | E11: =+'PRE BABY GRUPOS'!G8 -> NOVATOS F. C. | F11: =IF(AND(G11<>"",I11<>""),IF(G11=I11,"E",IF(G11>I11,"G","P")),"") -> P | G11: 0 | H11: - | I11: 3 | J11: =IF(AND(I11<>"",G11<>""),IF(I11=G11,"E",IF(I11>G11,"G","P")),"") -> G | K11: =+'PRE BABY GRUPOS'!I8 -> ESCUELA DEPORTIVA DE FÚTBOL RAQUIRA | M11: CANCHA 1 B
P12: =" 2) " & VLOOKUP(2,$Z$10:$AI$17,2,0) -> 2) ESCUELA DE FORMACIÓN DEPORTIVA MARACANA | Q12: =VLOOKUP(2,$Z$10:$AI$17,3,0) -> 4 | R12: =+SUM(S12:U13) -> 3 | S12: =VLOOKUP(2,$Z$10:$AI$17,4,0) -> 1 | T12: =VLOOKUP(2,$Z$10:$AI$17,5,0) -> 1 | U12: =VLOOKUP(2,$Z$10:$AI$17,6,0) -> 1 | V12: =VLOOKUP(2,$Z$10:$AI$17,7,0) -> 17 | W12: =VLOOKUP(2,$Z$10:$AI$17,8,0) -> 5 | X12: =VLOOKUP(2,$Z$10:$AH$17,9,0) -> 12 | Y12: =VLOOKUP(2,$Z$10:$AI$17,10,0) -> 0 | Z12: =RANK(AJ12,$AJ$10:$AJ$17,0) -> 3 | AA12: =+'PRE BABY GRUPOS'!G8 -> NOVATOS F. C. | AB12: =(AC12*3)+AD12 -> 0 | AC12: =COUNTIF(Q59:T59,"G") -> 0 | AD12: =COUNTIF(Q59:T59,"E") -> 0 | AE12: =COUNTIF(Q59:T59,"P") -> 3 | AF12: =+I20+G32+I26+G11 -> 1 | AG12: =+G20+I32+G26+I11 -> 21 | AH12: =AF12-AG12 -> -20 | AI12: =+N20+N26+A32+A11 -> 0 | AJ12: =(AB12*1000)+(AH12*100)+(AF12*10)-AI12+0.2 -> -1989.8 | AK12: =AJ12+X12 -> -1977.8
B14: 42967 | C14: 02:55. p.m. | E14: =+'PRE BABY GRUPOS'!G9 -> ESCUELA DE FORMACIÓN DEPORTIVA MARACANA | F14: =IF(AND(G14<>"",I14<>""),IF(G14=I14,"E",IF(G14>I14,"G","P")),"") -> E | G14: 3 | H14: - | I14: 3 | J14: =IF(AND(I14<>"",G14<>""),IF(I14=G14,"E",IF(I14>G14,"G","P")),"") -> E | K14: =+'PRE BABY GRUPOS'!I9 -> CORDOBA Y SERRANO F. C. | M14: CANCHA 1 A | P14: =" 3) " & VLOOKUP(3,$Z$10:$AI$17,2,0) -> 3) NOVATOS F. C. | Q14: =VLOOKUP(3,$Z$10:$AI$17,3,0) -> 0 | R14: =+SUM(S14:U15) -> 3 | S14: =VLOOKUP(3,$Z$10:$AI$17,4,0) -> 0 | T14: =VLOOKUP(3,$Z$10:$AI$17,5,0) -> 0 | U14: =VLOOKUP(3,$Z$10:$AI$17,6,0) -> 3 | V14: =VLOOKUP(3,$Z$10:$AI$17,7,0) -> 1 | W14: =VLOOKUP(3,$Z$10:$AI$17,8,0) -> 21 | X14: =VLOOKUP(3,$Z$10:$AI$17,9,0) -> -20 | Y14: =VLOOKUP(3,$Z$10:$AI$17,10,0) -> 0 | Z14: =RANK(AJ14,$AJ$10:$AJ$17,0) -> 2 | AA14: =+'PRE BABY GRUPOS'!G9 -> ESCUELA DE FORMACIÓN DEPORTIVA MARACANA | AB14: =(AC14*3)+AD14 -> 4 | AC14: =COUNTIF(Q60:T60,"G") -> 1 | AD14: =COUNTIF(Q60:T60,"E") -> 1 | AE14: =COUNTIF(Q60:T60,"P") -> 1 | AF14: =+I23+I29+I32+G14 -> 17 | AG14: =+G23+G29+G32+I14 -> 5 | AH14: =AF14-AG14 -> 12 | AI14: =+N23+N29+N32+A14 -> 0 | AJ14: =(AB14*1000)+(AH14*100)+(AF14*10)-AI14+0.3 -> 5370.3 | AK14: =+X14 -> -20
B17: =+'GRUPO A'!B20 -> 42966 | C17: =+'GRUPO A'!C20 -> 11:45. a.m. | F17: =IF(AND(G17<>"",I17<>""),IF(G17=I17,"E",IF(G17>I17,"G","P")),"") | H17: - | J17: =IF(AND(I17<>"",G17<>""),IF(I17=G17,"E",IF(I17>G17,"G","P")),"") | M17: =+'GRUPO A'!M20 -> CANCHA 1 A
B20: =+'GRUPO A'!B23 -> 42966 | C20: =+'GRUPO A'!C23 -> 11:45. a.m. | F20: =IF(AND(G20<>"",I20<>""),IF(G20=I20,"E",IF(G20>I20,"G","P")),"") | H20: - | J20: =IF(AND(I20<>"",G20<>""),IF(I20=G20,"E",IF(I20>G20,"G","P")),"") | M20: =+'GRUPO A'!M23 -> CANCHA 1 B
B23: =+'GRUPO A'!B26 -> 42966 | C23: =+'GRUPO A'!C26 -> 12:40. p.m. | F23: =IF(AND(G23<>"",I23<>""),IF(G23=I23,"E",IF(G23>I23,"G","P")),"") | H23: - | J23: =IF(AND(I23<>"",G23<>""),IF(I23=G23,"E",IF(I23>G23,"G","P")),"") | M23: =+'GRUPO A'!M26 -> CANCHA 1 C
B26: 42966 | C26: 03:50. p.m. | E26: =+'PRE BABY GRUPOS'!G7 -> GRAMA F. C. | F26: =IF(AND(G26<>"",I26<>""),IF(G26=I26,"E",IF(G26>I26,"G","P")),"") -> G | G26: 5 | H26: - | I26: 1 | J26: =IF(AND(I26<>"",G26<>""),IF(I26=G26,"E",IF(I26>G26,"G","P")),"") -> P | K26: =+'PRE BABY GRUPOS'!G8 -> NOVATOS F. C. | M26: CANCHA 1 C
B29: 42965 | C29: 12:50. p.m. | E29: =+'PRE BABY GRUPOS'!G7 -> GRAMA F. C. | F29: =IF(AND(G29<>"",I29<>""),IF(G29=I29,"E",IF(G29>I29,"G","P")),"") -> G | G29: 2 | H29: - | I29: 1 | J29: =IF(AND(I29<>"",G29<>""),IF(I29=G29,"E",IF(I29>G29,"G","P")),"") -> P | K29: =+'PRE BABY GRUPOS'!G9 -> ESCUELA DE FORMACIÓN DEPORTIVA MARACANA | M29: CANCHA 1 A
B32: 42967 | C32: 09:50. a.m. | E32: =+'PRE BABY GRUPOS'!G8 -> NOVATOS F. C. | F32: =IF(AND(G32<>"",I32<>""),IF(G32=I32,"E",IF(G32>I32,"G","P")),"") -> P | G32: 0 | H32: - | I32: 13 | J32: =IF(AND(I32<>"",G32<>""),IF(I32=G32,"E",IF(I32>G32,"G","P")),"") -> G | K32: =+'PRE BABY GRUPOS'!G9 -> ESCUELA DE FORMACIÓN DEPORTIVA MARACANA | M32: CANCHA 1 C
W34: =IF(AJ8=1,IF(P33="","",P33),IF(SUM(Q10:Q17)>0,VLOOKUP(1,Z10:AA17,2,0),"")) -> GRAMA F. C.
W35: =IF(AJ8=1,IF(P36="","",P36),IF(SUM(Q10:Q17)>0,VLOOKUP(2,Z10:AA17,2,0),"")) -> ESCUELA DE FORMACIÓN DEPORTIVA MARACANA
J43: =IF(AG8=1,"Indique el primero y segundo equipos clasificados de la serie:","") | L43: =IF(AG8=1,"Primero:","")
J46: =IF(AG8=1,"(Debido a la paridad de los resultados, no pueden deducirse de forma automática.)","") | L46: =IF(AG8=1,"Segundo:","")
P58: =+'PRE BABY GRUPOS'!G7 -> GRAMA F. C. | Q58: =+F8 -> P | R58: =+J17 | S58: =+F26 -> G | T58: =+F29 -> G
P59: =+'PRE BABY GRUPOS'!G8 -> NOVATOS F. C. | Q59: =+F11 -> P | R59: =+J20 | S59: =+J26 -> P | T59: =+F32 -> P
P60: =+'PRE BABY GRUPOS'!G9 -> ESCUELA DE FORMACIÓN DEPORTIVA MARACANA | Q60: =+F14 -> E | R60: =+J23 | S60: =+J29 -> P | T60: =+J32 -> G

Sheet GRUPO D
A1: =+'PRE BABY GRUPOS'!C1 -> XVIII Festival Nacional Fútbol Infantil
A2: “COPA FUTURO TALENTO”
B3: =+'PRE BABY GRUPOS'!#REF! -> #REF! | F3: =+'PRE BABY GRUPOS'!C3 -> NACIDOS 2012 2013
B4: =+'PRE BABY GRUPOS'!I6 -> GRUPO D
B6: PARTIDOS | P6: POSICIONES | AJ6: =COUNT(G20,I20,G23,I23,G26,I26,G29,I29,G32,I32,G35,I35) -> 6
A7: Tj | N7: Tj
B8: =+'GRUPO C'!B8 -> 42967 | C8: =+'GRUPO C'!C8 -> 02:00. p.m. | E8: =+'GRUPO C'!E8:E9 -> GRAMA F. C. | F8: =IF(AND(G8<>"",I8<>""),IF(G8=I8,"E",IF(G8>I8,"G","P")),"") -> P | G8: 1 | H8: - | I8: 4 | J8: =IF(AND(I8<>"",G8<>""),IF(I8=G8,"E",IF(I8>G8,"G","P")),"") -> G | K8: =+'GRUPO C'!K8:K8 -> CLUB CAMPESTRE IBAGUE DOS | M8: =+'GRUPO C'!M8 -> CANCHA 1 C | Q8: Pts. | R8: PJ | S8: Gan. | T8: Emp. | U8: Per. | V8: GF | W8: GC | X8: Dif. | Y8: Tj | AJ8: =IF(AJ6=12,IF(INDEX(Z10:AK17,MATCH(2,Z10:Z17,0),11)=INDEX(Z10:AK17,MATCH(1,Z10:Z17,0),11),1,0),0) -> 0
P10: =" 1) " & VLOOKUP(1,$Z$10:$AI$17,2,0) -> 1) CLUB CAMPESTRE IBAGUE DOS | Q10: =VLOOKUP(1,$Z$10:$AI$17,3,0) -> 7 | R10: =+SUM(S10:U11) -> 3 | S10: =VLOOKUP(1,$Z$10:$AI$17,4,0) -> 2 | T10: =VLOOKUP(1,$Z$10:$AI$17,5,0) -> 1 | U10: =VLOOKUP(1,$Z$10:$AI$17,6,0) -> 0 | V10: =VLOOKUP(1,$Z$10:$AI$17,7,0) -> 12 | W10: =VLOOKUP(1,$Z$10:$AI$17,8,0) -> 9 | X10: =VLOOKUP(1,$Z$10:$AH$17,9,0) -> 3 | Y10: =VLOOKUP(1,$Z$10:$AI$17,10,0) -> 0 | Z10: =RANK(AJ10,$AJ$10:$AJ$17,0) -> 1 | AA10: =+'PRE BABY GRUPOS'!I7 -> CLUB CAMPESTRE IBAGUE DOS | AB10: =(AC10*3)+AD10 -> 7 | AC10: =COUNTIF(Q59:T59,"G") -> 2 | AD10: =COUNTIF(Q59:T59,"E") -> 1 | AE10: =COUNTIF(Q59:T59,"P") -> 0 | AF10: =+I8+I26+G32+I20 -> 12 | AG10: =+G17+I26+I32+G8 -> 9 | AH10: =AF10-AG10 -> 3 | AI10: =+N17+A26+A29+N8 -> 0 | AJ10: =(AB10*1000)+(AH10*100)+(AF10*10)-AI10+0.1 -> 7420.1 | AK10: =AJ10+X10 -> 7423.1
B11: =+'GRUPO C'!B11 -> 42967 | C11: =+'GRUPO C'!C11 -> 02:00. p.m. | E11: =+'GRUPO C'!E11:E12 -> NOVATOS F. C. | F11: =IF(AND(G11<>"",I11<>""),IF(G11=I11,"E",IF(G11>I11,"G","P")),"") -> P | G11: 0 | H11: - | I11: 3 | J11: =IF(AND(I11<>"",G11<>""),IF(I11=G11,"E",IF(I11>G11,"G","P")),"") -> G | K11: =+'GRUPO C'!K11:K12 -> ESCUELA DEPORTIVA DE FÚTBOL RAQUIRA | M11: =+'GRUPO C'!M11 -> CANCHA 1 B
P12: =" 2) " & VLOOKUP(2,$Z$10:$AI$17,2,0) -> 2) CORDOBA Y SERRANO F. C. | Q12: =VLOOKUP(2,$Z$10:$AI$17,3,0) -> 5 | R12: =+SUM(S12:U13) -> 3 | S12: =VLOOKUP(2,$Z$10:$AI$17,4,0) -> 1 | T12: =VLOOKUP(2,$Z$10:$AI$17,5,0) -> 2 | U12: =VLOOKUP(2,$Z$10:$AI$17,6,0) -> 0 | V12: =VLOOKUP(2,$Z$10:$AI$17,7,0) -> 18 | W12: =VLOOKUP(2,$Z$10:$AI$17,8,0) -> 6 | X12: =VLOOKUP(2,$Z$10:$AH$17,9,0) -> 12 | Y12: =VLOOKUP(2,$Z$10:$AI$17,10,0) -> 0 | Z12: =RANK(AJ12,$AJ$10:$AJ$17,0) -> 3 | AA12: =+'PRE BABY GRUPOS'!I8 -> ESCUELA DEPORTIVA DE FÚTBOL RAQUIRA | AB12: =(AC12*3)+AD12 -> 3 | AC12: =COUNTIF(Q58:T58,"G") -> 1 | AD12: =COUNTIF(Q58:T58,"E") -> 0 | AE12: =COUNTIF(Q58:T58,"P") -> 2 | AF12: =+I17+G26+G29+I11 -> 5 | AG12: =+G20+I26+I29+G11 -> 17 | AH12: =AF12-AG12 -> -12 | AI12: =+N20+N26+A32+N11 -> 0 | AJ12: =(AB12*1000)+(AH12*100)+(AF12*10)-AI12+0.2 -> 1850.2 | AK12: =AJ12+X12 -> 1862.2
B14: =+'GRUPO C'!B14 -> 42967 | C14: =+'GRUPO C'!C14 -> 02:55. p.m. | E14: =+'GRUPO C'!E14:E15 -> ESCUELA DE FORMACIÓN DEPORTIVA MARACANA | F14: =IF(AND(G14<>"",I14<>""),IF(G14=I14,"E",IF(G14>I14,"G","P")),"") -> E | G14: 3 | H14: - | I14: 3 | J14: =IF(AND(I14<>"",G14<>""),IF(I14=G14,"E",IF(I14>G14,"G","P")),"") -> E | K14: =+'GRUPO C'!K14:K15 -> CORDOBA Y SERRANO F. C. | M14: =+'GRUPO C'!M14 -> CANCHA 1 A | P14: =" 3) " & VLOOKUP(3,$Z$10:$AI$17,2,0) -> 3) ESCUELA DEPORTIVA DE FÚTBOL RAQUIRA | Q14: =VLOOKUP(3,$Z$10:$AI$17,3,0) -> 3 | R14: =+SUM(S14:U15) -> 3 | S14: =VLOOKUP(3,$Z$10:$AI$17,4,0) -> 1 | T14: =VLOOKUP(3,$Z$10:$AI$17,5,0) -> 0 | U14: =VLOOKUP(3,$Z$10:$AI$17,6,0) -> 2 | V14: =VLOOKUP(3,$Z$10:$AI$17,7,0) -> 5 | W14: =VLOOKUP(3,$Z$10:$AI$17,8,0) -> 17 | X14: =VLOOKUP(3,$Z$10:$AI$17,9,0) -> -12 | Y14: =VLOOKUP(3,$Z$10:$AI$17,10,0) -> 0 | Z14: =RANK(AJ14,$AJ$10:$AJ$17,0) -> 2 | AA14: =+'PRE BABY GRUPOS'!I9 -> CORDOBA Y SERRANO F. C. | AB14: =(AC14*3)+AD14 -> 5 | AC14: =COUNTIF(Q60:T60,"G") -> 1 | AD14: =COUNTIF(Q60:T60,"E") -> 2 | AE14: =COUNTIF(Q60:T60,"P") -> 0 | AF14: =+I23+I29+I32+I14 -> 18 | AG14: =+G23+G29+G32+G14 -> 6 | AH14: =AF14-AG14 -> 12 | AI14: =+N23+N29+N32+N14 -> 0 | AJ14: =(AB14*1000)+(AH14*100)+(AF14*10)-AI14+0.3 -> 6380.3 | AK14: =+X14 -> -12
B17: =+'GRUPO B'!B20 -> 42966 | C17: =+'GRUPO B'!C20 -> 11:45. a.m. | F17: =IF(AND(G17<>"",I17<>""),IF(G17=I17,"E",IF(G17>I17,"G","P")),"") | H17: - | J17: =IF(AND(I17<>"",G17<>""),IF(I17=G17,"E",IF(I17>G17,"G","P")),"") | M17: =+'GRUPO B'!M20 -> CANCHA 1 C
B20: =+'GRUPO B'!B23 -> 42966 | C20: =+'GRUPO B'!C23 -> 04:40. a.m. | F20: =IF(AND(G20<>"",I20<>""),IF(G20=I20,"E",IF(G20>I20,"G","P")),"") | H20: - | J20: =IF(AND(I20<>"",G20<>""),IF(I20=G20,"E",IF(I20>G20,"G","P")),"") | M20: =+'GRUPO B'!M23 -> CANCHA 1 A
B23: =+'GRUPO B'!B26 -> 42966 | C23: =+'GRUPO B'!C26 -> 04:40. p.m. | F23: =IF(AND(G23<>"",I23<>""),IF(G23=I23,"E",IF(G23>I23,"G","P")),"") | H23: - | J23: =IF(AND(I23<>"",G23<>""),IF(I23=G23,"E",IF(I23>G23,"G","P")),"") | M23: =+'GRUPO B'!M26 -> CANCHA 1 B
B26: 42967 | C26: 09:50. a.m. | E26: =+'PRE BABY GRUPOS'!I8 -> ESCUELA DEPORTIVA DE FÚTBOL RAQUIRA | F26: =IF(AND(G26<>"",I26<>""),IF(G26=I26,"E",IF(G26>I26,"G","P")),"") -> P | G26: 2 | H26: - | I26: 5 | J26: =IF(AND(I26<>"",G26<>""),IF(I26=G26,"E",IF(I26>G26,"G","P")),"") -> G | K26: =+'PRE BABY GRUPOS'!I7 -> CLUB CAMPESTRE IBAGUE DOS | M26: CANCHA 1 B
B29: 42965 | C29: 11:55. a.m. | E29: =+'PRE BABY GRUPOS'!I8 -> ESCUELA DEPORTIVA DE FÚTBOL RAQUIRA | F29: =IF(AND(G29<>"",I29<>""),IF(G29=I29,"E",IF(G29>I29,"G","P")),"") -> P | G29: 0 | H29: - | I29: 12 | J29: =IF(AND(I29<>"",G29<>""),IF(I29=G29,"E",IF(I29>G29,"G","P")),"") -> G | K29: =+'PRE BABY GRUPOS'!I9 -> CORDOBA Y SERRANO F. C. | M29: CANCHA 1 A
B32: 42966 | C32: 12:40. p.m. | E32: =+'PRE BABY GRUPOS'!I7 -> CLUB CAMPESTRE IBAGUE DOS | F32: =IF(AND(G32<>"",I32<>""),IF(G32=I32,"E",IF(G32>I32,"G","P")),"") -> E | G32: 3 | H32: - | I32: 3 | J32: =IF(AND(I32<>"",G32<>""),IF(I32=G32,"E",IF(I32>G32,"G","P")),"") -> E | K32: =+'PRE BABY GRUPOS'!I9 -> CORDOBA Y SERRANO F. C. | M32: CANCHA 1 A
W34: =IF(AJ8=1,IF(P33="","",P33),IF(SUM(Q10:Q17)>0,VLOOKUP(1,Z10:AA17,2,0),"")) -> CLUB CAMPESTRE IBAGUE DOS
W35: =IF(AJ8=1,IF(P36="","",P36),IF(SUM(Q10:Q17)>0,VLOOKUP(2,Z10:AA17,2,0),"")) -> CORDOBA Y SERRANO F. C.
J43: =IF(AG8=1,"Indique el primero y segundo equipos clasificados de la serie:","") | L43: =IF(AG8=1,"Primero:","")
J46: =IF(AG8=1,"(Debido a la paridad de los resultados, no pueden deducirse de forma automática.)","") | L46: =IF(AG8=1,"Segundo:","")
P58: =+'PRE BABY GRUPOS'!I8 -> ESCUELA DEPORTIVA DE FÚTBOL RAQUIRA | Q58: =+J11 -> G | R58: =+J17 | S58: =+F26 -> P | T58: =+F29 -> P
P59: =+'PRE BABY GRUPOS'!I7 -> CLUB CAMPESTRE IBAGUE DOS | Q59: =+J8 -> G | R59: =+J20 | S59: =+J26 -> G | T59: =+F32 -> E
P60: =+'PRE BABY GRUPOS'!I9 -> CORDOBA Y SERRANO F. C. | Q60: =+J14 -> E | R60: =+J23 | S60: =+J29 -> G | T60: =+J32 -> E

Sheet CUARTOS DE FINAL.
H1: Campeonato Nacional de Futbol
B2: CUARTOS DE FINAL | H2: “COPA FUTURO TALENTO”
B3: Observación: Si el partido se define por penales, éstos deben sumarse al resultado.
B4: PARTIDOS | P4: Ganador
B6: 42596 | C6: LLAVE A | D6: 03:00. p.m. | F6: =IF(AND(H6<>"",J6<>""),IF(H6=J6,"E",IF(H6>J6,"G","P")),"") -> P | G6: =+'GRUPO A'!$W$34 -> #N/A | H6: 1 | I6: - | J6: 2 | K6: =IF(AND(J6<>"",H6<>""),IF(J6=H6,"E",IF(J6>H6,"G","P")),"") -> G | L6: =+'GRUPO C'!$W$35 -> ESCUELA DE FORMACIÓN DEPORTIVA MARACANA | N6: PALMARA | P6: =IF(OR(F6="E",F6=""),"",IF(F6="G",G6,L6)) -> ESCUELA DE FORMACIÓN DEPORTIVA MARACANA
B9: 42596 | C9: LLAVE B | D9: 04:20. p.m. | F9: =IF(AND(H9<>"",J9<>""),IF(H9=J9,"E",IF(H9>J9,"G","P")),"") -> G | G9: =+'GRUPO B'!$W$34 -> CLUB ARIEL ARMEL | H9: 2 | I9: - | J9: 1 | K9: =IF(AND(J9<>"",H9<>""),IF(J9=H9,"E",IF(J9>H9,"G","P")),"") -> P | L9: =+'GRUPO D'!$W$35 -> CORDOBA Y SERRANO F. C. | N9: CANCHA 2 | P9: =IF(OR(F9="E",F9=""),"",IF(F9="G",G9,L9)) -> CLUB ARIEL ARMEL
B12: 42596 | C12: LLAVE C | D12: 03:00. p.m. | F12: =IF(AND(H12<>"",J12<>""),IF(H12=J12,"E",IF(H12>J12,"G","P")),"") -> P | G12: =+'GRUPO C'!W34 -> GRAMA F. C. | H12: 1 | I12: - | J12: 2 | K12: =IF(AND(J12<>"",H12<>""),IF(J12=H12,"E",IF(J12>H12,"G","P")),"") -> G | L12: =+'GRUPO A'!$W$35 -> #N/A | N12: CANCHA 2 | P12: =IF(OR(F12="E",F12=""),"",IF(F12="G",G12,L12)) -> #N/A
B15: 42596 | C15: LLAVE D | D15: 04:20. p.m. | F15: =IF(AND(H15<>"",J15<>""),IF(H15=J15,"E",IF(H15>J15,"G","P")),"") -> G | G15: =+'GRUPO D'!$W$34 -> CLUB CAMPESTRE IBAGUE DOS | H15: 2 | I15: - | J15: 1 | K15: =IF(AND(J15<>"",H15<>""),IF(J15=H15,"E",IF(J15>H15,"G","P")),"") -> P | L15: =+'GRUPO B'!W35 -> CENTAUROS DEL ARIARI | N15: PALMARA | P15: =IF(OR(F15="E",F15=""),"",IF(F15="G",G15,L15)) -> CLUB CAMPESTRE IBAGUE DOS
B18: =+'PRE BABY GRUPOS'!#REF! -> #REF!
B21: =+'PRE BABY GRUPOS'!C3 -> NACIDOS 2012 2013

Sheet DEFINICION
A1: =+'PRE BABY GRUPOS'!C1 -> XVIII Festival Nacional Fútbol Infantil
A2: “COPA FUTURO TALENTO”
A3: =+'PRE BABY GRUPOS'!#REF! -> #REF!
A4: =+'PRE BABY GRUPOS'!C3 -> NACIDOS 2012 2013
B5: SEMIFINALES
B6: Observación: Si el partido se define por penales, éstos deben sumarse al resultado.
B7: SEMIFINALES | Q7: Ganador
I8: 2 | K8: 2
B9: 43090 | C9: LLAVE A | D9: 08:20 a.m. | F9: =+'GRUPO A'!$W$34 -> #N/A | G9: =IF(AND(I9<>"",K9<>""),IF(I9=K9,"E",IF(I9>K9,"G","P")),"") -> G | I9: 5 | J9: - | K9: 4 | L9: =IF(AND(K9<>"",I9<>""),IF(K9=I9,"E",IF(K9>I9,"G","P")),"") -> P | M9: =+'GRUPO D'!$W$34 -> CLUB CAMPESTRE IBAGUE DOS | O9: CANCHA 2 | Q9: =IF(OR(G9="E",G9=""),"",IF(G9="G",F9,M9)) -> #N/A | S9: =IF(OR(G9="E",G9=""),"",IF(G9="P",F9,M9)) -> CLUB CAMPESTRE IBAGUE DOS
B12: 43090 | C12: LLAVE B | D12: 09:30 a.m. | F12: =+'GRUPO B'!$W$34 -> CLUB ARIEL ARMEL | G12: =IF(AND(I12<>"",K12<>""),IF(I12=K12,"E",IF(I12>K12,"G","P")),"") -> G | I12: 3 | J12: - | K12: 0 | L12: =IF(AND(K12<>"",I12<>""),IF(K12=I12,"E",IF(K12>I12,"G","P")),"") -> P | M12: =+'GRUPO C'!$W$34 -> GRAMA F. C. | O12: CANCHA 2 | Q12: =IF(OR(G12="E",G12=""),"",IF(G12="G",F12,M12)) -> CLUB ARIEL ARMEL | S12: =IF(OR(G12="E",G12=""),"",IF(G12="P",F12,M12)) -> GRAMA F. C.

Sheet FINAL
A1: =+DEFINICION!A1 -> XVIII Festival Nacional Fútbol Infantil
A2: =+DEFINICION!A2 -> “COPA FUTURO TALENTO”
A3: =+'PRE BABY GRUPOS'!#REF! -> #REF!
A4: =+'PRE BABY GRUPOS'!C3 -> NACIDOS 2012 2013
B5: FINAL DEL TORNEO
B6: Observación: Si el partido se define por penales, éstos deben sumarse al resultado.
B7: Partido por el TERCER PUESTO | Q7: TERCER PUESTO
Q8: =IF(OR(G9="E",G9=""),"",IF(G9="G",H9,M9))
B9: 43090 | D9: 2:50 p.m. | G9: =IF(AND(I9<>"",K9<>""),IF(I9=K9,"E",IF(I9>K9,"G","P")),"") | H9: =+DEFINICION!S9 -> CLUB CAMPESTRE IBAGUE DOS | J9: - | L9: =IF(AND(K9<>"",I9<>""),IF(K9=I9,"E",IF(K9>I9,"G","P")),"") | M9: =+DEFINICION!S12 -> GRAMA F. C. | O9: CANCHA 2
B13: FINAL DEL CAMPEONATO | Q13: SEGUNDO PUESTO
Q14: =IF(OR(G15="E",G15=""),"",IF(G15="P",H15,M15))
B15: 43090 | D15: 4:00 p.m. | G15: =IF(AND(I15<>"",K15<>""),IF(I15=K15,"E",IF(I15>K15,"G","P")),"") | H15: =+DEFINICION!Q9 -> #N/A | J15: - | L15: =IF(AND(K15<>"",I15<>""),IF(K15=I15,"E",IF(K15>I15,"G","P")),"") | M15: =+DEFINICION!Q12 -> CLUB ARIEL ARMEL | O15: CANCHA 2
C19: CAMPEÓN “COPA FUTURO TALENTO”
C21: =IF(OR(G15="E",G15=""),"",IF(G15="G",H15,M15))

Sheet IMPRIMIR
A1: Campeonato Nacional de Futbol
A2: “COPA FUTURO TALENTO”
B4: =+'PRE BABY GRUPOS'!C6 -> GRUPO A | D4: =+'PRE BABY GRUPOS'!E6 -> GRUPO B | G4: =+'PRE BABY GRUPOS'!G6 -> GRUPO C | N4: =+'PRE BABY GRUPOS'!I6 -> GRUPO D
B5: =+'PRE BABY GRUPOS'!C7 -> COLEGIO NEIL ARMSTRONG | D5: =+'PRE BABY GRUPOS'!E7 -> COLEGIO PRINCIPADO DE MONACO | G5: =+'PRE BABY GRUPOS'!G7 -> GRAMA F. C. | N5: =+'PRE BABY GRUPOS'!I8 -> ESCUELA DEPORTIVA DE FÚTBOL RAQUIRA
B6: =+'PRE BABY GRUPOS'!C8 -> CLUB LOS PAPETICOS | D6: =+'PRE BABY GRUPOS'!E8 -> CLUB ARIEL ARMEL | G6: =+'PRE BABY GRUPOS'!G8 -> NOVATOS F. C. | N6: =+'PRE BABY GRUPOS'!I7 -> CLUB CAMPESTRE IBAGUE DOS
B7: =+'PRE BABY GRUPOS'!C9 -> CLUB CAMPESTRE IBAGUE UNO | D7: =+'PRE BABY GRUPOS'!E9 -> CENTAUROS DEL ARIARI | G7: =+'PRE BABY GRUPOS'!G9 -> ESCUELA DE FORMACIÓN DEPORTIVA MARACANA | N7: =+'PRE BABY GRUPOS'!I9 -> CORDOBA Y SERRANO F. C.
B8: =+'PRE BABY GRUPOS'!#REF! -> #REF! | D8: =+'PRE BABY GRUPOS'!#REF! -> #REF! | G8: =+'PRE BABY GRUPOS'!#REF! -> #REF! | N8: =+'PRE BABY GRUPOS'!I10 -> 0
B10: =+'PRE BABY GRUPOS'!#REF! -> #REF! | N10: =+'PRE BABY GRUPOS'!C10 -> 0
B11: =+'PRE BABY GRUPOS'!C3 -> NACIDOS 2012 2013
A12: =+'GRUPO A'!B4 -> GRUPO A
A14: PARTIDOS fecha 1
A16: =+'GRUPO A'!B20 -> 42966 | B16: =+'GRUPO A'!C20 -> 11:45. a.m. | D16: =+'GRUPO A'!E20 -> 0 | F16: =IF(AND(G16<>"",I16<>""),IF(G16=I16,"E",IF(G16>I16,"G","P")),"") | H16: - | J16: =IF(AND(I16<>"",G16<>""),IF(I16=G16,"E",IF(I16>G16,"G","P")),"") | K16: =+'GRUPO A'!K20 -> 0 | O16: =+'GRUPO A'!M20 -> CANCHA 1 A
A18: =+'GRUPO A'!B23 -> 42966 | B18: =+'GRUPO A'!C23 -> 11:45. a.m. | D18: =+'GRUPO A'!E23 -> 0 | F18: =IF(AND(G18<>"",I18<>""),IF(G18=I18,"E",IF(G18>I18,"G","P")),"") | H18: - | J18: =IF(AND(I18<>"",G18<>""),IF(I18=G18,"E",IF(I18>G18,"G","P")),"") | K18: =+'GRUPO A'!K23 -> 0 | O18: =+'GRUPO A'!M23 -> CANCHA 1 B
A20: =+'GRUPO B'!B4 -> GRUPO B
A22: PARTIDOS fecha 1
A24: =+'GRUPO B'!B20 -> 42966 | B24: =+'GRUPO B'!C20 -> 11:45. a.m. | D24: =+'GRUPO B'!E20 -> 0 | F24: =IF(AND(G24<>"",I24<>""),IF(G24=I24,"E",IF(G24>I24,"G","P")),"") | H24: - | J24: =IF(AND(I24<>"",G24<>""),IF(I24=G24,"E",IF(I24>G24,"G","P")),"") | K24: =+'GRUPO B'!K20 -> 0 | O24: =+'GRUPO B'!M20 -> CANCHA 1 C
A26: =+'GRUPO B'!B23 -> 42966 | B26: =+'GRUPO B'!C23 -> 04:40. a.m. | D26: =+'GRUPO B'!E23 -> 0 | F26: =IF(AND(G26<>"",I26<>""),IF(G26=I26,"E",IF(G26>I26,"G","P")),"") | H26: - | J26: =IF(AND(I26<>"",G26<>""),IF(I26=G26,"E",IF(I26>G26,"G","P")),"") | K26: =+'GRUPO B'!K23 -> 0 | O26: =+'GRUPO B'!M23 -> CANCHA 1 A
A27: =+'GRUPO C'!B4 -> GRUPO C
A29: PARTIDOS fecha 1
A31: =+'GRUPO C'!B20 -> 42966 | B31: =+'GRUPO C'!C20 -> 11:45. a.m. | D31: =+'GRUPO C'!E20 -> 0 | F31: =IF(AND(G31<>"",I31<>""),IF(G31=I31,"E",IF(G31>I31,"G","P")),"") | H31: - | J31: =IF(AND(I31<>"",G31<>""),IF(I31=G31,"E",IF(I31>G31,"G","P")),"") | K31: =+'GRUPO C'!K20 -> 0 | O31: =+'GRUPO C'!M20 -> CANCHA 1 B
A33: =+'GRUPO C'!B23 -> 42966 | B33: =+'GRUPO C'!C23 -> 12:40. p.m. | D33: =+'GRUPO C'!E23 -> 0 | F33: =IF(AND(G33<>"",I33<>""),IF(G33=I33,"E",IF(G33>I33,"G","P")),"") | H33: - | J33: =IF(AND(I33<>"",G33<>""),IF(I33=G33,"E",IF(I33>G33,"G","P")),"") | K33: =+'GRUPO C'!K23 -> 0 | O33: =+'GRUPO C'!M23 -> CANCHA 1 C
A34: =+'GRUPO D'!B4 -> GRUPO D
A36: PARTIDOS fecha 1
A38: =+'GRUPO D'!B20 -> 42966 | B38: =+'GRUPO D'!C20 -> 04:40. a.m. | D38: =+'GRUPO D'!E20 -> 0 | F38: =IF(AND(G38<>"",I38<>""),IF(G38=I38,"E",IF(G38>I38,"G","P")),"") | H38: - | J38: =IF(AND(I38<>"",G38<>""),IF(I38=G38,"E",IF(I38>G38,"G","P")),"") | K38: =+'GRUPO D'!K20 -> 0 | O38: =+'GRUPO D'!M20 -> CANCHA 1 A
A40: =+'GRUPO D'!B23 -> 42966 | B40: =+'GRUPO D'!C23 -> 04:40. p.m. | D40: =+'GRUPO D'!E23 -> 0 | F40: =IF(AND(G40<>"",I40<>""),IF(G40=I40,"E",IF(G40>I40,"G","P")),"") | H40: - | J40: =IF(AND(I40<>"",G40<>""),IF(I40=G40,"E",IF(I40>G40,"G","P")),"") | K40: =+'GRUPO D'!K23 -> 0 | O40: =+'GRUPO D'!M23 -> CANCHA 1 B
A41: NOTA: LA ORGANIZACIÓN DEL TORNEO NO SE HACE RESPONSABLE DE ACCIDENTES O PERDIDA DE ELEMENTOS DURANTE EL TRANSCURSO DEL TORNEO. Les recordamos traer el seguro de salud de los deportistas. Tarjeta de identidad Original, Registro Civil.
A46: Sede Administrativa Cra 13 No 6-43 Barrio La Florida
A47: Celular 310 241 33 76 Fijo 2 450 593
A48: soccermelgar@outlook.com
A49: Melgar - Tolima

Sheet IMPRIMIR 2
A1: Campeonato Nacional de Futbol
A2: “COPA FUTURO TALENTO”
B4: =+'PRE BABY GRUPOS'!C6 -> GRUPO A | D4: =+'PRE BABY GRUPOS'!E6 -> GRUPO B | G4: =+'PRE BABY GRUPOS'!G6 -> GRUPO C | N4: =+'PRE BABY GRUPOS'!I6 -> GRUPO D
B5: =+'PRE BABY GRUPOS'!C7 -> COLEGIO NEIL ARMSTRONG | D5: =+'PRE BABY GRUPOS'!E7 -> COLEGIO PRINCIPADO DE MONACO | G5: =+'PRE BABY GRUPOS'!G7 -> GRAMA F. C. | N5: =+'PRE BABY GRUPOS'!I8 -> ESCUELA DEPORTIVA DE FÚTBOL RAQUIRA
B6: =+'PRE BABY GRUPOS'!C8 -> CLUB LOS PAPETICOS | D6: =+'PRE BABY GRUPOS'!E8 -> CLUB ARIEL ARMEL | G6: =+'PRE BABY GRUPOS'!G8 -> NOVATOS F. C. | N6: =+'PRE BABY GRUPOS'!I7 -> CLUB CAMPESTRE IBAGUE DOS
B7: =+'PRE BABY GRUPOS'!C9 -> CLUB CAMPESTRE IBAGUE UNO | D7: =+'PRE BABY GRUPOS'!E9 -> CENTAUROS DEL ARIARI | G7: =+'PRE BABY GRUPOS'!G9 -> ESCUELA DE FORMACIÓN DEPORTIVA MARACANA | N7: =+'PRE BABY GRUPOS'!I9 -> CORDOBA Y SERRANO F. C.
B8: =+'PRE BABY GRUPOS'!#REF! -> #REF! | D8: =+'PRE BABY GRUPOS'!#REF! -> #REF! | G8: =+'PRE BABY GRUPOS'!#REF! -> #REF! | N8: =+'PRE BABY GRUPOS'!I10 -> 0
B10: =+'PRE BABY GRUPOS'!#REF! -> #REF! | N10: =+'PRE BABY GRUPOS'!C10 -> 0
B11: =+'PRE BABY GRUPOS'!C3 -> NACIDOS 2012 2013
A12: =+'GRUPO A'!B4 -> GRUPO A
A14: PARTIDOS fecha 2
A16: =+'GRUPO A'!B26 -> 42966 | B16: =+'GRUPO A'!C26 -> 12:40. p.m. | D16: =+'GRUPO A'!E26 -> 0 | F16: =IF(AND(G16<>"",I16<>""),IF(G16=I16,"E",IF(G16>I16,"G","P")),"") | H16: - | J16: =IF(AND(I16<>"",G16<>""),IF(I16=G16,"E",IF(I16>G16,"G","P")),"") | K16: =+'GRUPO A'!K26 -> 0 | O16: =+'GRUPO A'!M26 -> CANCHA 1 C
A18: =+'GRUPO A'!B29 -> 42965 | B18: =+'GRUPO A'!C29 -> 12:50. p.m. | D18: =+'GRUPO A'!E29 -> COLEGIO NEIL ARMSTRONG | F18: =IF(AND(G18<>"",I18<>""),IF(G18=I18,"E",IF(G18>I18,"G","P")),"") | H18: - | J18: =IF(AND(I18<>"",G18<>""),IF(I18=G18,"E",IF(I18>G18,"G","P")),"") | K18: =+'GRUPO A'!K29 -> CLUB CAMPESTRE IBAGUE UNO | O18: =+'GRUPO A'!M29 -> CANCHA 1 C
A20: =+'GRUPO B'!B4 -> GRUPO B
A22: PARTIDOS fecha 2
A24: =+'GRUPO B'!B26 -> 42966 | B24: =+'GRUPO B'!C26 -> 04:40. p.m. | D24: =+'GRUPO B'!E26 -> 0 | F24: =IF(AND(G24<>"",I24<>""),IF(G24=I24,"E",IF(G24>I24,"G","P")),"") | H24: - | J24: =IF(AND(I24<>"",G24<>""),IF(I24=G24,"E",IF(I24>G24,"G","P")),"") | K24: =+'GRUPO B'!K26 -> 0 | O24: =+'GRUPO B'!M26 -> CANCHA 1 B
A26: =+'GRUPO B'!B29 -> 42967 | B26: =+'GRUPO B'!C29 -> 10:50. a.m. | D26: =+'GRUPO B'!E29 -> COLEGIO PRINCIPADO DE MONACO | F26: =IF(AND(G26<>"",I26<>""),IF(G26=I26,"E",IF(G26>I26,"G","P")),"") | H26: - | J26: =IF(AND(I26<>"",G26<>""),IF(I26=G26,"E",IF(I26>G26,"G","P")),"") | K26: =+'GRUPO B'!K29 -> CENTAUROS DEL ARIARI | O26: =+'GRUPO B'!M29 -> CANCHA 1 A
A27: =+'GRUPO C'!B4 -> GRUPO C
A29: PARTIDOS fecha 2
A31: =+'GRUPO C'!B26 -> 42966 | B31: =+'GRUPO C'!C26 -> 03:50. p.m. | D31: =+'GRUPO C'!E26 -> GRAMA F. C. | F31: =IF(AND(G31<>"",I31<>""),IF(G31=I31,"E",IF(G31>I31,"G","P")),"") | H31: - | J31: =IF(AND(I31<>"",G31<>""),IF(I31=G31,"E",IF(I31>G31,"G","P")),"") | K31: =+'GRUPO C'!K26 -> NOVATOS F. C. | O31: =+'GRUPO C'!M26 -> CANCHA 1 C
A33: =+'GRUPO C'!B29 -> 42965 | B33: =+'GRUPO C'!C29 -> 12:50. p.m. | D33: =+'GRUPO C'!E29 -> GRAMA F. C. | F33: =IF(AND(G33<>"",I33<>""),IF(G33=I33,"E",IF(G33>I33,"G","P")),"") | H33: - | J33: =IF(AND(I33<>"",G33<>""),IF(I33=G33,"E",IF(I33>G33,"G","P")),"") | K33: =+'GRUPO C'!K29 -> ESCUELA DE FORMACIÓN DEPORTIVA MARACANA | O33: =+'GRUPO C'!M29 -> CANCHA 1 A
A34: =+'GRUPO D'!B4 -> GRUPO D
A36: PARTIDOS fecha 2
A38: =+'GRUPO D'!B26 -> 42967 | B38: =+'GRUPO D'!C26 -> 09:50. a.m. | D38: =+'GRUPO D'!E26 -> ESCUELA DEPORTIVA DE FÚTBOL RAQUIRA | F38: =IF(AND(G38<>"",I38<>""),IF(G38=I38,"E",IF(G38>I38,"G","P")),"") | H38: - | J38: =IF(AND(I38<>"",G38<>""),IF(I38=G38,"E",IF(I38>G38,"G","P")),"") | K38: =+'GRUPO D'!K26 -> CLUB CAMPESTRE IBAGUE DOS | O38: =+'GRUPO D'!M26 -> CANCHA 1 B
A40: =+'GRUPO D'!B29 -> 42965 | B40: =+'GRUPO D'!C29 -> 11:55. a.m. | D40: =+'GRUPO D'!E29 -> ESCUELA DEPORTIVA DE FÚTBOL RAQUIRA | F40: =IF(AND(G40<>"",I40<>""),IF(G40=I40,"E",IF(G40>I40,"G","P")),"") | H40: - | J40: =IF(AND(I40<>"",G40<>""),IF(I40=G40,"E",IF(I40>G40,"G","P")),"") | K40: =+'GRUPO D'!K29 -> CORDOBA Y SERRANO F. C. | O40: =+'GRUPO D'!M29 -> CANCHA 1 A
A41: NOTA: LA ORGANIZACIÓN DEL TORNEO NO SE HACE RESPONSABLE DE ACCIDENTES O PERDIDA DE ELEMENTOS DURANTE EL TRANSCURSO DEL TORNEO. Les recordamos traer el seguro de salud de los deportistas. Tarjeta de identidad Original, Registro Civil.
A46: Sede Administrativa Cra 13 No 6-43 Barrio La Florida
A47: Celular 310 241 33 76 Fijo 2 450 593
A48: soccermelgar@outlook.com
A49: Melgar - Tolima

Sheet IMPRIMIR 3
B1: Campeonato Nacional de Futbol
B2: “COPA FUTURO TALENTO”
G3: =+'PRE BABY GRUPOS'!#REF! -> #REF!
G4: =+'PRE BABY GRUPOS'!C3 -> NACIDOS 2012 2013
B6: =+'PRE BABY GRUPOS'!C6 -> GRUPO A | D6: =+'GRUPO A'!Q20:Q21 -> #VALUE! | E6: =+'GRUPO A'!R20:R21 -> #VALUE! | F6: =+'GRUPO A'!S20:S21 -> #VALUE! | G6: =+'GRUPO A'!T20:T21 -> #VALUE! | H6: =+'GRUPO A'!U20:U21 -> #VALUE! | I6: =+'GRUPO A'!V20:V21 -> #VALUE! | J6: =+'GRUPO A'!W20:W21 -> #VALUE! | K6: =+'GRUPO A'!X20:X21 -> #VALUE! | L6: =+'GRUPO A'!Y20:Y21 -> #VALUE!
B8: =+'GRUPO A'!P22:P23 -> #VALUE! | D8: =+'GRUPO A'!Q22:Q23 -> #VALUE! | E8: =+'GRUPO A'!R22:R23 -> #VALUE! | F8: =+'GRUPO A'!S22:S23 -> #VALUE! | G8: =+'GRUPO A'!T22:T23 -> #VALUE! | H8: =+'GRUPO A'!U22:U23 -> #VALUE! | I8: =+'GRUPO A'!V22:V23 -> #VALUE! | J8: =+'GRUPO A'!W22:W23 -> #VALUE! | K8: =+'GRUPO A'!X22:X23 -> #VALUE! | L8: =+'GRUPO A'!Y22:Y23 -> #VALUE!
B10: =+'GRUPO A'!P24:P25 -> #VALUE! | D10: =+'GRUPO A'!Q24:Q25 -> #VALUE! | E10: =+'GRUPO A'!R24:R25 -> #VALUE! | F10: =+'GRUPO A'!S24:S25 -> #VALUE! | G10: =+'GRUPO A'!T24:T25 -> #VALUE! | H10: =+'GRUPO A'!U24:U25 -> #VALUE! | I10: =+'GRUPO A'!V24:V25 -> #VALUE! | J10: =+'GRUPO A'!W24:W25 -> #VALUE! | K10: =+'GRUPO A'!X24:X25 -> #VALUE! | L10: =+'GRUPO A'!Y24:Y25 -> #VALUE!
B12: =+'GRUPO A'!P26:P27 -> #VALUE! | D12: =+'GRUPO A'!Q26:Q27 -> #VALUE! | E12: =+'GRUPO A'!R26:R27 -> #VALUE! | F12: =+'GRUPO A'!S26:S27 -> #VALUE! | G12: =+'GRUPO A'!T26:T27 -> #VALUE! | H12: =+'GRUPO A'!U26:U27 -> #VALUE! | I12: =+'GRUPO A'!V26:V27 -> #VALUE! | J12: =+'GRUPO A'!W26:W27 -> #VALUE! | K12: =+'GRUPO A'!X26:X27 -> #VALUE! | L12: =+'GRUPO A'!Y26:Y27 -> #VALUE!
B14: =+'GRUPO A'!P28:P29 -> #VALUE! | D14: =+'GRUPO A'!Q28:Q29 -> #VALUE! | E14: =+'GRUPO A'!R28:R29 -> #VALUE! | F14: =+'GRUPO A'!S28:S29 -> #VALUE! | G14: =+'GRUPO A'!T28:T29 -> #VALUE! | H14: =+'GRUPO A'!U28:U29 -> #VALUE! | I14: =+'GRUPO A'!V28:V29 -> #VALUE! | J14: =+'GRUPO A'!W28:W29 -> #VALUE! | K14: =+'GRUPO A'!X28:X29 -> #VALUE! | L14: =+'GRUPO A'!Y28:Y29 -> #VALUE!
A17: PARTIDOS fecha 3 ULTIMA
A19: =+'GRUPO A'!B32 -> 42967 | B19: =+'GRUPO A'!C32 -> 09:50. a.m. | C19: =+'GRUPO A'!E32 -> CLUB LOS PAPETICOS | E19: - | G19: =+'GRUPO A'!K32 -> CLUB CAMPESTRE IBAGUE UNO | K19: =+'GRUPO A'!M32 -> CANCHA 1 A
A21: =+'GRUPO A'!B35 -> 0 | B21: =+'GRUPO A'!C35 -> 0 | C21: =+'GRUPO A'!E35 -> 0 | E21: - | G21: =+'GRUPO A'!K35 -> 0 | K21: =+'GRUPO A'!M35 -> 0
B23: =+'PRE BABY GRUPOS'!E6 -> GRUPO B | D23: =+'GRUPO B'!Q8 -> Pts. | E23: =+'GRUPO B'!R8 -> PJ | F23: =+'GRUPO B'!S8 -> Gan. | G23: =+'GRUPO B'!T8 -> Emp. | H23: =+'GRUPO B'!U8 -> Per. | I23: =+'GRUPO B'!V8 -> GF | J23: =+'GRUPO B'!W8 -> GC | K23: =+'GRUPO B'!X8 -> Dif. | L23: =+'GRUPO B'!Y8 -> Tj
B25: =+'GRUPO B'!P10 -> 1) CLUB ARIEL ARMEL | D25: =+'GRUPO B'!Q10 -> 4 | E25: =+'GRUPO B'!R10 -> 3 | F25: =+'GRUPO B'!S10 -> 1 | G25: =+'GRUPO B'!T10 -> 1 | H25: =+'GRUPO B'!U10 -> 1 | I25: =+'GRUPO B'!V10 -> 7 | J25: =+'GRUPO B'!W10 -> 4 | K25: =+'GRUPO B'!X10 -> 3 | L25: =+'GRUPO B'!Y10 -> 0
B27: =+'GRUPO B'!P12 -> 2) CENTAUROS DEL ARIARI | D27: =+'GRUPO B'!Q12 -> 3 | E27: =+'GRUPO B'!R12 -> 3 | F27: =+'GRUPO B'!S12 -> 1 | G27: =+'GRUPO B'!T12 -> 0 | H27: =+'GRUPO B'!U12 -> 2 | I27: =+'GRUPO B'!V12 -> 4 | J27: =+'GRUPO B'!W12 -> 5 | K27: =+'GRUPO B'!X12 -> -1 | L27: =+'GRUPO B'!Y12 -> 0
B29: =+'GRUPO B'!P14 -> 3) COLEGIO PRINCIPADO DE MONACO | D29: =+'GRUPO B'!Q14 -> 1 | E29: =+'GRUPO B'!R14 -> 3 | F29: =+'GRUPO B'!S14 -> 0 | G29: =+'GRUPO B'!T14 -> 1 | H29: =+'GRUPO B'!U14 -> 2 | I29: =+'GRUPO B'!V14 -> 7 | J29: =+'GRUPO B'!W14 -> 12 | K29: =+'GRUPO B'!X14 -> -5 | L29: =+'GRUPO B'!Y14 -> 0
B31: =+'GRUPO B'!P16 -> 0 | D31: =+'GRUPO B'!Q16 -> 0 | E31: =+'GRUPO B'!R16 -> 0 | F31: =+'GRUPO B'!S16 -> 0 | G31: =+'GRUPO B'!T16 -> 0 | H31: =+'GRUPO B'!U16 -> 0 | I31: =+'GRUPO B'!V16 -> 0 | J31: =+'GRUPO B'!W16 -> 0 | K31: =+'GRUPO B'!X16 -> 0 | L31: =+'GRUPO B'!Y16 -> 0
A34: PARTIDOS fecha 3 ULTIMA
A36: =+'GRUPO B'!B32 -> 42965 | B36: =+'GRUPO B'!C32 -> 04:30. p.m. | C36: =+'GRUPO B'!E32 -> CLUB ARIEL ARMEL | E36: - | G36: =+'GRUPO B'!K32 -> CENTAUROS DEL ARIARI | K36: =+'GRUPO B'!M32 -> CANCHA 1 A
A38: =+'GRUPO B'!B35 -> 0 | B38: =+'GRUPO B'!C32 -> 04:30. p.m. | C38: =+'GRUPO B'!E35 -> 0 | E38: - | G38: =+'GRUPO B'!K35 -> 0 | K38: =+'GRUPO B'!M35 -> 0
B41: =+'PRE BABY GRUPOS'!G6 -> GRUPO C | D41: =+'GRUPO B'!Q8 -> Pts. | E41: =+'GRUPO B'!R8 -> PJ | F41: =+'GRUPO B'!S8 -> Gan. | G41: =+'GRUPO B'!T8 -> Emp. | H41: =+'GRUPO B'!U8 -> Per. | I41: =+'GRUPO B'!V8 -> GF | J41: =+'GRUPO B'!W8 -> GC | K41: =+'GRUPO B'!X8 -> Dif. | L41: =+'GRUPO B'!Y8 -> Tj
B43: =+'GRUPO B'!P10 -> 1) CLUB ARIEL ARMEL | D43: =+'GRUPO B'!Q10 -> 4 | E43: =+'GRUPO B'!R10 -> 3 | F43: =+'GRUPO B'!S10 -> 1 | G43: =+'GRUPO B'!T10 -> 1 | H43: =+'GRUPO B'!U10 -> 1 | I43: =+'GRUPO B'!V10 -> 7 | J43: =+'GRUPO B'!W10 -> 4 | K43: =+'GRUPO B'!X10 -> 3 | L43: =+'GRUPO B'!Y10 -> 0
B45: =+'GRUPO B'!P12 -> 2) CENTAUROS DEL ARIARI | D45: =+'GRUPO B'!Q12 -> 3 | E45: =+'GRUPO B'!R12 -> 3 | F45: =+'GRUPO B'!S12 -> 1 | G45: =+'GRUPO B'!T12 -> 0 | H45: =+'GRUPO B'!U12 -> 2 | I45: =+'GRUPO B'!V12 -> 4 | J45: =+'GRUPO B'!W12 -> 5 | K45: =+'GRUPO B'!X12 -> -1 | L45: =+'GRUPO B'!Y12 -> 0
B47: =+'GRUPO B'!P14 -> 3) COLEGIO PRINCIPADO DE MONACO | D47: =+'GRUPO B'!Q14 -> 1 | E47: =+'GRUPO B'!R14 -> 3 | F47: =+'GRUPO B'!S14 -> 0 | G47: =+'GRUPO B'!T14 -> 1 | H47: =+'GRUPO B'!U14 -> 2 | I47: =+'GRUPO B'!V14 -> 7 | J47: =+'GRUPO B'!W14 -> 12 | K47: =+'GRUPO B'!X14 -> -5 | L47: =+'GRUPO B'!Y14 -> 0
B49: =+'GRUPO B'!P16 -> 0 | D49: =+'GRUPO B'!Q16 -> 0 | E49: =+'GRUPO B'!R16 -> 0 | F49: =+'GRUPO B'!S16 -> 0 | G49: =+'GRUPO B'!T16 -> 0 | H49: =+'GRUPO B'!U16 -> 0 | I49: =+'GRUPO B'!V16 -> 0 | J49: =+'GRUPO B'!W16 -> 0 | K49: =+'GRUPO B'!X16 -> 0 | L49: =+'GRUPO B'!Y16 -> 0
A52: PARTIDOS fecha 3 ULTIMA
A54: =+'GRUPO C'!B32 -> 42967 | B54: =+'GRUPO C'!C32 -> 09:50. a.m. | C54: =+'GRUPO C'!E32 -> NOVATOS F. C. | E54: - | G54: =+'GRUPO C'!K32 -> ESCUELA DE FORMACIÓN DEPORTIVA MARACANA | K54: =+'GRUPO C'!M32 -> CANCHA 1 C
A56: =+'GRUPO C'!B35 -> 0 | B56: =+'GRUPO C'!C35 -> 0 | C56: =+'GRUPO C'!E35 -> 0 | E56: - | G56: =+'GRUPO C'!K35 -> 0 | K56: =+'GRUPO C'!M35 -> 0
B59: =+'PRE BABY GRUPOS'!I6 -> GRUPO D | D59: =+'GRUPO D'!Q8 -> Pts. | E59: =+'GRUPO D'!R8 -> PJ | F59: =+'GRUPO D'!S8 -> Gan. | G59: =+'GRUPO D'!T8 -> Emp. | H59: =+'GRUPO D'!U8 -> Per. | I59: =+'GRUPO D'!V8 -> GF | J59: =+'GRUPO D'!W8 -> GC | K59: =+'GRUPO D'!X8 -> Dif. | L59: =+'GRUPO D'!Y8 -> Tj
B61: =+'GRUPO D'!P10 -> 1) CLUB CAMPESTRE IBAGUE DOS | D61: =+'GRUPO D'!Q10 -> 7 | E61: =+'GRUPO D'!R10 -> 3 | F61: =+'GRUPO D'!S10 -> 2 | G61: =+'GRUPO D'!T10 -> 1 | H61: =+'GRUPO D'!U10 -> 0 | I61: =+'GRUPO D'!V10 -> 12 | J61: =+'GRUPO D'!W10 -> 9 | K61: =+'GRUPO D'!X10 -> 3 | L61: =+'GRUPO D'!Y10 -> 0
B63: =+'GRUPO D'!P12 -> 2) CORDOBA Y SERRANO F. C. | D63: =+'GRUPO D'!Q12 -> 5 | E63: =+'GRUPO D'!R12 -> 3 | F63: =+'GRUPO D'!S12 -> 1 | G63: =+'GRUPO D'!T12 -> 2 | H63: =+'GRUPO D'!U12 -> 0 | I63: =+'GRUPO D'!V12 -> 18 | J63: =+'GRUPO D'!W12 -> 6 | K63: =+'GRUPO D'!X12 -> 12 | L63: =+'GRUPO D'!Y12 -> 0
B65: =+'GRUPO D'!P14 -> 3) ESCUELA DEPORTIVA DE FÚTBOL RAQUIRA | D65: =+'GRUPO D'!Q14 -> 3 | E65: =+'GRUPO D'!R14 -> 3 | F65: =+'GRUPO D'!S14 -> 1 | G65: =+'GRUPO D'!T14 -> 0 | H65: =+'GRUPO D'!U14 -> 2 | I65: =+'GRUPO D'!V14 -> 5 | J65: =+'GRUPO D'!W14 -> 17 | K65: =+'GRUPO D'!X14 -> -12 | L65: =+'GRUPO D'!Y14 -> 0
B67: =+'GRUPO D'!P16 -> 0 | D67: =+'GRUPO D'!Q16 -> 0 | E67: =+'GRUPO D'!R16 -> 0 | F67: =+'GRUPO D'!S16 -> 0 | G67: =+'GRUPO D'!T16 -> 0 | H67: =+'GRUPO D'!U16 -> 0 | I67: =+'GRUPO D'!V16 -> 0 | J67: =+'GRUPO D'!W16 -> 0 | K67: =+'GRUPO D'!X16 -> 0 | L67: =+'GRUPO D'!Y16 -> 0
A70: PARTIDOS fecha 3 ULTIMA
A72: =+'GRUPO D'!B32 -> 42966 | B72: =+'GRUPO D'!C32 -> 12:40. p.m. | C72: =+'GRUPO D'!E32 -> CLUB CAMPESTRE IBAGUE DOS | E72: - | G72: =+'GRUPO D'!K32 -> CORDOBA Y SERRANO F. C. | K72: =+'GRUPO D'!M32 -> CANCHA 1 A
A74: =+'GRUPO D'!B35 -> 0 | B74: =+'GRUPO D'!C32 -> 12:40. p.m. | C74: =+'GRUPO D'!E35 -> 0 | E74: - | G74: =+'GRUPO D'!K35 -> 0 | K74: =+'GRUPO D'!M35 -> 0
A75: La organización no se hace responsable de las posibles lesiones ocasionadas dentro y fuera del campo de juego, accidentes o perdidas de elementos durante el transcurso del torneo.
A78: Sede Administrativa Cra 13 No 6-43 Barrio La Florida
A79: Celular 310 241 33 76 Fijo 2 450 593
A80: soccermelgar@outlook.com
A81: Melgar - Tolima

Sheet IMPRIMIR 3 (2)
B1: Campeonato Nacional de Futbol
B2: “COPA FUTURO TALENTO”
G3: =+'PRE BABY GRUPOS'!#REF! -> #REF!
G4: =+'PRE BABY GRUPOS'!C3 -> NACIDOS 2012 2013
B6: =+'PRE BABY GRUPOS'!C6 -> GRUPO A | D6: =+'GRUPO A'!Q20:Q21 -> #VALUE! | E6: =+'GRUPO A'!R20:R21 -> #VALUE! | F6: =+'GRUPO A'!S20:S21 -> #VALUE! | G6: =+'GRUPO A'!T20:T21 -> #VALUE! | H6: =+'GRUPO A'!U20:U21 -> #VALUE! | I6: =+'GRUPO A'!V20:V21 -> #VALUE! | J6: =+'GRUPO A'!W20:W21 -> #VALUE! | K6: =+'GRUPO A'!X20:X21 -> #VALUE! | L6: =+'GRUPO A'!Y20:Y21 -> #VALUE!
B8: =+'GRUPO A'!P22:P23 -> #VALUE! | D8: =+'GRUPO A'!Q22:Q23 -> #VALUE! | E8: =+'GRUPO A'!R22:R23 -> #VALUE! | F8: =+'GRUPO A'!S22:S23 -> #VALUE! | G8: =+'GRUPO A'!T22:T23 -> #VALUE! | H8: =+'GRUPO A'!U22:U23 -> #VALUE! | I8: =+'GRUPO A'!V22:V23 -> #VALUE! | J8: =+'GRUPO A'!W22:W23 -> #VALUE! | K8: =+'GRUPO A'!X22:X23 -> #VALUE! | L8: =+'GRUPO A'!Y22:Y23 -> #VALUE!
B10: =+'GRUPO A'!P24:P25 -> #VALUE! | D10: =+'GRUPO A'!Q24:Q25 -> #VALUE! | E10: =+'GRUPO A'!R24:R25 -> #VALUE! | F10: =+'GRUPO A'!S24:S25 -> #VALUE! | G10: =+'GRUPO A'!T24:T25 -> #VALUE! | H10: =+'GRUPO A'!U24:U25 -> #VALUE! | I10: =+'GRUPO A'!V24:V25 -> #VALUE! | J10: =+'GRUPO A'!W24:W25 -> #VALUE! | K10: =+'GRUPO A'!X24:X25 -> #VALUE! | L10: =+'GRUPO A'!Y24:Y25 -> #VALUE!
B12: =+'GRUPO A'!P26:P27 -> #VALUE! | D12: =+'GRUPO A'!Q26:Q27 -> #VALUE! | E12: =+'GRUPO A'!R26:R27 -> #VALUE! | F12: =+'GRUPO A'!S26:S27 -> #VALUE! | G12: =+'GRUPO A'!T26:T27 -> #VALUE! | H12: =+'GRUPO A'!U26:U27 -> #VALUE! | I12: =+'GRUPO A'!V26:V27 -> #VALUE! | J12: =+'GRUPO A'!W26:W27 -> #VALUE! | K12: =+'GRUPO A'!X26:X27 -> #VALUE! | L12: =+'GRUPO A'!Y26:Y27 -> #VALUE!
B14: =+'GRUPO A'!P28:P29 -> #VALUE! | D14: =+'GRUPO A'!Q28:Q29 -> #VALUE! | E14: =+'GRUPO A'!R28:R29 -> #VALUE! | F14: =+'GRUPO A'!S28:S29 -> #VALUE! | G14: =+'GRUPO A'!T28:T29 -> #VALUE! | H14: =+'GRUPO A'!U28:U29 -> #VALUE! | I14: =+'GRUPO A'!V28:V29 -> #VALUE! | J14: =+'GRUPO A'!W28:W29 -> #VALUE! | K14: =+'GRUPO A'!X28:X29 -> #VALUE! | L14: =+'GRUPO A'!Y28:Y29 -> #VALUE!
A17: PARTIDOS fecha 3 ULTIMA
A19: =+'GRUPO A'!B32 -> 42967 | B19: =+'GRUPO A'!C32 -> 09:50. a.m. | C19: =+'GRUPO A'!E32 -> CLUB LOS PAPETICOS | E19: - | G19: =+'GRUPO A'!K32 -> CLUB CAMPESTRE IBAGUE UNO | K19: =+'GRUPO A'!M32 -> CANCHA 1 A
A21: =+'GRUPO A'!B35 -> 0 | B21: =+'GRUPO A'!C35 -> 0 | C21: =+'GRUPO A'!E35 -> 0 | E21: - | G21: =+'GRUPO A'!K35 -> 0 | K21: =+'GRUPO A'!M35 -> 0
B23: =+'PRE BABY GRUPOS'!E6 -> GRUPO B | D23: =+'GRUPO B'!Q8 -> Pts. | E23: =+'GRUPO B'!R8 -> PJ | F23: =+'GRUPO B'!S8 -> Gan. | G23: =+'GRUPO B'!T8 -> Emp. | H23: =+'GRUPO B'!U8 -> Per. | I23: =+'GRUPO B'!V8 -> GF | J23: =+'GRUPO B'!W8 -> GC | K23: =+'GRUPO B'!X8 -> Dif. | L23: =+'GRUPO B'!Y8 -> Tj
B25: =+'GRUPO B'!P10 -> 1) CLUB ARIEL ARMEL | D25: =+'GRUPO B'!Q10 -> 4 | E25: =+'GRUPO B'!R10 -> 3 | F25: =+'GRUPO B'!S10 -> 1 | G25: =+'GRUPO B'!T10 -> 1 | H25: =+'GRUPO B'!U10 -> 1 | I25: =+'GRUPO B'!V10 -> 7 | J25: =+'GRUPO B'!W10 -> 4 | K25: =+'GRUPO B'!X10 -> 3 | L25: =+'GRUPO B'!Y10 -> 0
B27: =+'GRUPO B'!P12 -> 2) CENTAUROS DEL ARIARI | D27: =+'GRUPO B'!Q12 -> 3 | E27: =+'GRUPO B'!R12 -> 3 | F27: =+'GRUPO B'!S12 -> 1 | G27: =+'GRUPO B'!T12 -> 0 | H27: =+'GRUPO B'!U12 -> 2 | I27: =+'GRUPO B'!V12 -> 4 | J27: =+'GRUPO B'!W12 -> 5 | K27: =+'GRUPO B'!X12 -> -1 | L27: =+'GRUPO B'!Y12 -> 0
B29: =+'GRUPO B'!P14 -> 3) COLEGIO PRINCIPADO DE MONACO | D29: =+'GRUPO B'!Q14 -> 1 | E29: =+'GRUPO B'!R14 -> 3 | F29: =+'GRUPO B'!S14 -> 0 | G29: =+'GRUPO B'!T14 -> 1 | H29: =+'GRUPO B'!U14 -> 2 | I29: =+'GRUPO B'!V14 -> 7 | J29: =+'GRUPO B'!W14 -> 12 | K29: =+'GRUPO B'!X14 -> -5 | L29: =+'GRUPO B'!Y14 -> 0
B31: =+'GRUPO B'!P16 -> 0 | D31: =+'GRUPO B'!Q16 -> 0 | E31: =+'GRUPO B'!R16 -> 0 | F31: =+'GRUPO B'!S16 -> 0 | G31: =+'GRUPO B'!T16 -> 0 | H31: =+'GRUPO B'!U16 -> 0 | I31: =+'GRUPO B'!V16 -> 0 | J31: =+'GRUPO B'!W16 -> 0 | K31: =+'GRUPO B'!X16 -> 0 | L31: =+'GRUPO B'!Y16 -> 0
A34: PARTIDOS fecha 3 ULTIMA
A36: =+'GRUPO B'!B32 -> 42965 | B36: =+'GRUPO B'!C32 -> 04:30. p.m. | C36: =+'GRUPO B'!E32 -> CLUB ARIEL ARMEL | E36: - | G36: =+'GRUPO B'!K32 -> CENTAUROS DEL ARIARI | K36: =+'GRUPO B'!M32 -> CANCHA 1 A
A38: =+'GRUPO B'!B35 -> 0 | B38: =+'GRUPO B'!C32 -> 04:30. p.m. | C38: =+'GRUPO B'!E35 -> 0 | E38: - | G38: =+'GRUPO B'!K35 -> 0 | K38: =+'GRUPO B'!M35 -> 0
B41: =+'PRE BABY GRUPOS'!G6 -> GRUPO C | D41: =+'GRUPO B'!Q8 -> Pts. | E41: =+'GRUPO B'!R8 -> PJ | F41: =+'GRUPO B'!S8 -> Gan. | G41: =+'GRUPO B'!T8 -> Emp. | H41: =+'GRUPO B'!U8 -> Per. | I41: =+'GRUPO B'!V8 -> GF | J41: =+'GRUPO B'!W8 -> GC | K41: =+'GRUPO B'!X8 -> Dif. | L41: =+'GRUPO B'!Y8 -> Tj
B43: =+'GRUPO B'!P10 -> 1) CLUB ARIEL ARMEL | D43: =+'GRUPO B'!Q10 -> 4 | E43: =+'GRUPO B'!R10 -> 3 | F43: =+'GRUPO B'!S10 -> 1 | G43: =+'GRUPO B'!T10 -> 1 | H43: =+'GRUPO B'!U10 -> 1 | I43: =+'GRUPO B'!V10 -> 7 | J43: =+'GRUPO B'!W10 -> 4 | K43: =+'GRUPO B'!X10 -> 3 | L43: =+'GRUPO B'!Y10 -> 0
B45: =+'GRUPO B'!P12 -> 2) CENTAUROS DEL ARIARI | D45: =+'GRUPO B'!Q12 -> 3 | E45: =+'GRUPO B'!R12 -> 3 | F45: =+'GRUPO B'!S12 -> 1 | G45: =+'GRUPO B'!T12 -> 0 | H45: =+'GRUPO B'!U12 -> 2 | I45: =+'GRUPO B'!V12 -> 4 | J45: =+'GRUPO B'!W12 -> 5 | K45: =+'GRUPO B'!X12 -> -1 | L45: =+'GRUPO B'!Y12 -> 0
B47: =+'GRUPO B'!P14 -> 3) COLEGIO PRINCIPADO DE MONACO | D47: =+'GRUPO B'!Q14 -> 1 | E47: =+'GRUPO B'!R14 -> 3 | F47: =+'GRUPO B'!S14 -> 0 | G47: =+'GRUPO B'!T14 -> 1 | H47: =+'GRUPO B'!U14 -> 2 | I47: =+'GRUPO B'!V14 -> 7 | J47: =+'GRUPO B'!W14 -> 12 | K47: =+'GRUPO B'!X14 -> -5 | L47: =+'GRUPO B'!Y14 -> 0
B49: =+'GRUPO B'!P16 -> 0 | D49: =+'GRUPO B'!Q16 -> 0 | E49: =+'GRUPO B'!R16 -> 0 | F49: =+'GRUPO B'!S16 -> 0 | G49: =+'GRUPO B'!T16 -> 0 | H49: =+'GRUPO B'!U16 -> 0 | I49: =+'GRUPO B'!V16 -> 0 | J49: =+'GRUPO B'!W16 -> 0 | K49: =+'GRUPO B'!X16 -> 0 | L49: =+'GRUPO B'!Y16 -> 0
A52: PARTIDOS fecha 3 ULTIMA
A54: =+'GRUPO C'!B32 -> 42967 | B54: =+'GRUPO C'!C32 -> 09:50. a.m. | C54: =+'GRUPO C'!E32 -> NOVATOS F. C. | E54: - | G54: =+'GRUPO C'!K32 -> ESCUELA DE FORMACIÓN DEPORTIVA MARACANA | K54: =+'GRUPO C'!M32 -> CANCHA 1 C
A56: =+'GRUPO C'!B35 -> 0 | B56: =+'GRUPO C'!C35 -> 0 | C56: =+'GRUPO C'!E35 -> 0 | E56: - | G56: =+'GRUPO C'!K35 -> 0 | K56: =+'GRUPO C'!M35 -> 0
B59: =+'PRE BABY GRUPOS'!I6 -> GRUPO D | D59: =+'GRUPO D'!Q8 -> Pts. | E59: =+'GRUPO D'!R8 -> PJ | F59: =+'GRUPO D'!S8 -> Gan. | G59: =+'GRUPO D'!T8 -> Emp. | H59: =+'GRUPO D'!U8 -> Per. | I59: =+'GRUPO D'!V8 -> GF | J59: =+'GRUPO D'!W8 -> GC | K59: =+'GRUPO D'!X8 -> Dif. | L59: =+'GRUPO D'!Y8 -> Tj
B61: =+'GRUPO D'!P10 -> 1) CLUB CAMPESTRE IBAGUE DOS | D61: =+'GRUPO D'!Q10 -> 7 | E61: =+'GRUPO D'!R10 -> 3 | F61: =+'GRUPO D'!S10 -> 2 | G61: =+'GRUPO D'!T10 -> 1 | H61: =+'GRUPO D'!U10 -> 0 | I61: =+'GRUPO D'!V10 -> 12 | J61: =+'GRUPO D'!W10 -> 9 | K61: =+'GRUPO D'!X10 -> 3 | L61: =+'GRUPO D'!Y10 -> 0
B63: =+'GRUPO D'!P12 -> 2) CORDOBA Y SERRANO F. C. | D63: =+'GRUPO D'!Q12 -> 5 | E63: =+'GRUPO D'!R12 -> 3 | F63: =+'GRUPO D'!S12 -> 1 | G63: =+'GRUPO D'!T12 -> 2 | H63: =+'GRUPO D'!U12 -> 0 | I63: =+'GRUPO D'!V12 -> 18 | J63: =+'GRUPO D'!W12 -> 6 | K63: =+'GRUPO D'!X12 -> 12 | L63: =+'GRUPO D'!Y12 -> 0
B65: =+'GRUPO D'!P14 -> 3) ESCUELA DEPORTIVA DE FÚTBOL RAQUIRA | D65: =+'GRUPO D'!Q14 -> 3 | E65: =+'GRUPO D'!R14 -> 3 | F65: =+'GRUPO D'!S14 -> 1 | G65: =+'GRUPO D'!T14 -> 0 | H65: =+'GRUPO D'!U14 -> 2 | I65: =+'GRUPO D'!V14 -> 5 | J65: =+'GRUPO D'!W14 -> 17 | K65: =+'GRUPO D'!X14 -> -12 | L65: =+'GRUPO D'!Y14 -> 0
B67: =+'GRUPO D'!P16 -> 0 | D67: =+'GRUPO D'!Q16 -> 0 | E67: =+'GRUPO D'!R16 -> 0 | F67: =+'GRUPO D'!S16 -> 0 | G67: =+'GRUPO D'!T16 -> 0 | H67: =+'GRUPO D'!U16 -> 0 | I67: =+'GRUPO D'!V16 -> 0 | J67: =+'GRUPO D'!W16 -> 0 | K67: =+'GRUPO D'!X16 -> 0 | L67: =+'GRUPO D'!Y16 -> 0
A70: PARTIDOS fecha 3 ULTIMA
A72: =+'GRUPO D'!B32 -> 42966 | B72: =+'GRUPO D'!C32 -> 12:40. p.m. | C72: =+'GRUPO D'!E32 -> CLUB CAMPESTRE IBAGUE DOS | E72: - | G72: =+'GRUPO D'!K32 -> CORDOBA Y SERRANO F. C. | K72: =+'GRUPO D'!M32 -> CANCHA 1 A
A74: =+'GRUPO D'!B35 -> 0 | B74: =+'GRUPO D'!C32 -> 12:40. p.m. | C74: =+'GRUPO D'!E35 -> 0 | E74: - | G74: =+'GRUPO D'!K35 -> 0 | K74: =+'GRUPO D'!M35 -> 0
A75: La organización no se hace responsable de las posibles lesiones ocasionadas dentro y fuera del campo de juego, accidentes o perdidas de elementos durante el transcurso del torneo.
A78: Sede Administrativa Cra 13 No 6-43 Barrio La Florida
A79: Celular 310 241 33 76 Fijo 2 450 593
A80: soccermelgar@outlook.com
A81: Melgar - Tolima

Sheet CUARTOS DE FINAL
H1: Campeonato Nacional de Futbol
B2: CUARTOS DE FINAL | H2: “COPA FUTURO TALENTO”
B3: Observación: Si el partido se define por penales, éstos deben sumarse al resultado.
B4: PARTIDOS | P4: Ganador
B6: =+'CUARTOS DE FINAL.'!B6:B7 -> 42596 | C6: =+'CUARTOS DE FINAL.'!C6:C7 -> LLAVE A | D6: =+'CUARTOS DE FINAL.'!D6:D7 -> 03:00. p.m. | F6: =IF(AND(H6<>"",J6<>""),IF(H6=J6,"E",IF(H6>J6,"G","P")),"") -> E | G6: =+'CUARTOS DE FINAL.'!G6:G7 -> #N/A | H6: . | I6: - | J6: . | K6: =IF(AND(J6<>"",H6<>""),IF(J6=H6,"E",IF(J6>H6,"G","P")),"") -> E | L6: =+'CUARTOS DE FINAL.'!L6:L7 -> ESCUELA DE FORMACIÓN DEPORTIVA MARACANA | N6: =+'CUARTOS DE FINAL.'!N6:N7 -> PALMARA | P6: =IF(OR(F6="E",F6=""),"",IF(F6="G",G6,L6))
B9: =+'CUARTOS DE FINAL.'!B9:B10 -> 42596 | C9: =+'CUARTOS DE FINAL.'!C9:C10 -> LLAVE B | D9: =+'CUARTOS DE FINAL.'!D9:D10 -> 04:20. p.m. | F9: =IF(AND(H9<>"",J9<>""),IF(H9=J9,"E",IF(H9>J9,"G","P")),"") -> E | G9: =+'CUARTOS DE FINAL.'!G9:G10 -> CLUB ARIEL ARMEL | H9: . | I9: - | J9: . | K9: =IF(AND(J9<>"",H9<>""),IF(J9=H9,"E",IF(J9>H9,"G","P")),"") -> E | L9: =+'CUARTOS DE FINAL.'!L9:L10 -> CORDOBA Y SERRANO F. C. | N9: =+'CUARTOS DE FINAL.'!N9:N10 -> CANCHA 2 | P9: =IF(OR(F9="E",F9=""),"",IF(F9="G",G9,L9))
B12: =+'CUARTOS DE FINAL.'!B12:B13 -> 42596 | C12: =+'CUARTOS DE FINAL.'!C12:C13 -> LLAVE C | D12: =+'CUARTOS DE FINAL.'!D12:D13 -> 03:00. p.m. | F12: =IF(AND(H12<>"",J12<>""),IF(H12=J12,"E",IF(H12>J12,"G","P")),"") -> E | G12: =+'CUARTOS DE FINAL.'!G12:G13 -> GRAMA F. C. | H12: . | I12: - | J12: . | K12: =IF(AND(J12<>"",H12<>""),IF(J12=H12,"E",IF(J12>H12,"G","P")),"") -> E | L12: =+'CUARTOS DE FINAL.'!L12:L13 -> #N/A | N12: =+'CUARTOS DE FINAL.'!N12:N13 -> CANCHA 2 | P12: =IF(OR(F12="E",F12=""),"",IF(F12="G",G12,L12))
B15: =+'CUARTOS DE FINAL.'!B15:B16 -> 42596 | C15: =+'CUARTOS DE FINAL.'!C15:C16 -> LLAVE D | D15: =+'CUARTOS DE FINAL.'!D15:D16 -> 04:20. p.m. | F15: =IF(AND(H15<>"",J15<>""),IF(H15=J15,"E",IF(H15>J15,"G","P")),"") -> E | G15: =+'CUARTOS DE FINAL.'!G15:G16 -> CLUB CAMPESTRE IBAGUE DOS | H15: . | I15: - | J15: . | K15: =IF(AND(J15<>"",H15<>""),IF(J15=H15,"E",IF(J15>H15,"G","P")),"") -> E | L15: =+'CUARTOS DE FINAL.'!L15:L16 -> CENTAUROS DEL ARIARI | N15: =+'CUARTOS DE FINAL.'!N15:N16 -> PALMARA | P15: =IF(OR(F15="E",F15=""),"",IF(F15="G",G15,L15))
B18: BABY FUTBOL
B21: Nacidos Año 2005-2006

Sheet IMPRIMIR 4
A1: Campeonato Nacional de Futbol
A2: “COPA FUTURO TALENTO”
A3: DEFINICIÓN DEL TORNEO
B4: Observación: Si el partido se define por penales, éstos deben sumarse al resultado.
B5: SEMIFINALES | Q5: Ganador
B7: =+DEFINICION!B9 -> 43090 | C7: =+DEFINICION!C9 -> LLAVE A | D7: =+DEFINICION!D9 -> 08:20 a.m. | E7: =+DEFINICION!F9 -> #N/A | G7: =IF(AND(I7<>"",K7<>""),IF(I7=K7,"E",IF(I7>K7,"G","P")),"") -> G | I7: =+DEFINICION!I9 -> 5 | J7: - | K7: =+DEFINICION!K9 -> 4 | L7: =IF(AND(K7<>"",I7<>""),IF(K7=I7,"E",IF(K7>I7,"G","P")),"") -> P | M7: =+DEFINICION!M9 -> CLUB CAMPESTRE IBAGUE DOS | O7: =+DEFINICION!O9 -> CANCHA 2 | Q7: =IF(OR(G7="E",G7=""),"",IF(G7="G",E7,M7)) -> #N/A | S7: =IF(OR(G7="E",G7=""),"",IF(G7="P",E7,M7)) -> CLUB CAMPESTRE IBAGUE DOS
B10: =+DEFINICION!B12 -> 43090 | C10: =+DEFINICION!C12 -> LLAVE B | D10: =+DEFINICION!D12 -> 09:30 a.m. | E10: =+DEFINICION!F12 -> CLUB ARIEL ARMEL | G10: =IF(AND(I10<>"",K10<>""),IF(I10=K10,"E",IF(I10>K10,"G","P")),"") -> G | I10: =+DEFINICION!I12 -> 3 | J10: - | K10: =+DEFINICION!K12 -> 0 | L10: =IF(AND(K10<>"",I10<>""),IF(K10=I10,"E",IF(K10>I10,"G","P")),"") -> P | M10: =+DEFINICION!M12 -> GRAMA F. C. | O10: =+DEFINICION!O12 -> CANCHA 2 | Q10: =IF(OR(G10="E",G10=""),"",IF(G10="G",E10,M10)) -> CLUB ARIEL ARMEL | S10: =IF(OR(G10="E",G10=""),"",IF(G10="P",E10,M10)) -> GRAMA F. C.
C14: =+'PRE BABY GRUPOS'!#REF! -> #REF! | J14: =+'PRE BABY GRUPOS'!C3 -> NACIDOS 2012 2013

Sheet IMPRIMIR 5
A1: Campeonato Nacional de Futbol
A2: “COPA FUTURO TALENTO”
A3: FINAL DEL TORNEO
B4: Observación: Si el partido se define por penales, éstos deben sumarse al resultado.
B5: Partido por el TERCER PUESTO | Q5: TERCER PUESTO
Q6: =IF(OR(G7="E",G7=""),"",IF(G7="G",H7,M7))
B7: =+FINAL!B9 -> 43090 | D7: =+FINAL!D9 -> 2:50 p.m. | G7: =IF(AND(I7<>"",K7<>""),IF(I7=K7,"E",IF(I7>K7,"G","P")),"") -> E | H7: =+DEFINICION!S9 -> CLUB CAMPESTRE IBAGUE DOS | I7: =+FINAL!I9 -> 0 | J7: - | K7: =+FINAL!K9 -> 0 | L7: =IF(AND(K7<>"",I7<>""),IF(K7=I7,"E",IF(K7>I7,"G","P")),"") -> E | M7: =+DEFINICION!S12 -> GRAMA F. C. | O7: =+FINAL!O9 -> CANCHA 2
B11: FINAL DEL CAMPEONATO | Q11: SEGUNDO PUESTO
Q12: =IF(OR(G13="E",G13=""),"",IF(G13="P",H13,M13))
B13: =+FINAL!B15 -> 43090 | D13: =+FINAL!D15 -> 4:00 p.m. | G13: =IF(AND(I13<>"",K13<>""),IF(I13=K13,"E",IF(I13>K13,"G","P")),"") -> E | H13: =+DEFINICION!Q9 -> #N/A | I13: =+FINAL!I15 -> 0 | J13: - | K13: =+FINAL!K15 -> 0 | L13: =IF(AND(K13<>"",I13<>""),IF(K13=I13,"E",IF(K13>I13,"G","P")),"") -> E | M13: =+DEFINICION!Q12 -> CLUB ARIEL ARMEL | O13: =+FINAL!O15 -> CANCHA 2
B17: CAMPEÓN “COPA FUTURO TALENTO”
B19: =IF(OR(G13="E",G13=""),"",IF(G13="G",H13,M13))
C22: =+'PRE BABY GRUPOS'!#REF! -> #REF! | O22: =+'PRE BABY GRUPOS'!C3 -> NACIDOS 2012 2013

Sheet Hoja1
C1: IV Campeonato Nacional de Futbol
C2: “COPA FUTURO TALENTO”
C4: FASE GRUPOS
C6: GRUPO A | E6: GRUPO B | G6: GRUPO C | I6: GRUPO D
C7: 1 | E7: 5 | G7: 9 | I7: 13
C8: 2 | E8: 6 | G8: 10 | I8: 14
C9: 3 | E9: 7 | G9: 11 | I9: 15
C10: 4 | E10: 8 | G10: 12 | I10: 16
B12: CUARTOS DE FINAL
B14: LLAVE A | C14: PRIMERO DEL GRUPO A | F14: vs | G14: SEGUNDO DEL GRUPO C
B16: LLAVE B | C16: PRIMERO DEL GRUPO B | F16: vs | G16: SEGUNDO DEL GRUPO D
B18: LLAVE C | C18: PRIMERO DEL GRUPO C | F18: vs | G18: SEGUNDO DEL GRUPO A
B20: LLAVE D | C20: PRIMERO DEL GRUPO D | F20: vs | G20: SEGUNDO DEL GRUPO B
B22: SEMIFINAL
B24: LLAVE 1 | C24: GANADOR LLAVE A | F24: vs | G24: GANADOR LLAVE B
B26: LLAVE 2 | C26: GANADOR LLAVE C | F26: vs | G26: GANADOR LLAVE D
C28: TERCER Y CUARTO LUGAR
C30: PERDEDOR LLAVE 1 | F30: vs | G30: PERDEDOR LLAVE 2
C32: FINAL
C34: GANADOR LLAVE 1 | F34: vs | G34: GANADOR LLAVE 2

Sheet Hoja2 (2)
A1: =+'PRE BABY GRUPOS'!B1:I1 -> #VALUE!
A2: =+'PRE BABY GRUPOS'!B2:I2 -> #VALUE!
A3: =+'PRE BABY GRUPOS'!#REF! -> #REF!
A4: =+'PRE BABY GRUPOS'!C3 -> NACIDOS 2012 2013
A5: CALENDARIO OFICIAL
B6: =+IMPRIMIR!A14 -> PARTIDOS fecha 1 | J6: =+'GRUPO A'!B4 -> GRUPO A | K6: =+'GRUPO A'!Q20 -> 0 | L6: =+'GRUPO A'!R20 -> 0 | M6: =+'GRUPO A'!S20 -> 0 | N6: =+'GRUPO A'!T20 -> 0 | O6: =+'GRUPO A'!U20 -> 0 | P6: =+'GRUPO A'!V20 -> 0 | Q6: =+'GRUPO A'!W20 -> 0 | R6: =+'GRUPO A'!X20 -> 0 | S6: =+'GRUPO A'!Y20 -> 0
B7: CANCHA | C7: HORA | D7: EQUIPO | E7: MARCADOR | G7: EQUIPO | H7: GRUPO | J7: =+'GRUPO A'!P22 -> 0 | K7: =+'GRUPO A'!Q22 -> 0 | L7: =+'GRUPO A'!R22 -> 0 | M7: =+'GRUPO A'!S22 -> 0 | N7: =+'GRUPO A'!T22 -> 0 | O7: =+'GRUPO A'!U22 -> 0 | P7: =+'GRUPO A'!V22 -> 0 | Q7: =+'GRUPO A'!W22 -> 0 | ... S7: =+'GRUPO A'!Y22 -> 0
A8: =+'GRUPO A'!B20 -> 42966 | B8: =+'GRUPO A'!M20 -> CANCHA 1 A | C8: =+'GRUPO A'!C20 -> 11:45. a.m. | D8: =+'GRUPO A'!E20 -> 0 | E8: =+'GRUPO A'!G20 -> 0 | F8: =+'GRUPO A'!I20 -> 0 | G8: =+'GRUPO A'!K20 -> 0 | H8: =+'GRUPO A'!B4 -> GRUPO A | J8: =+'GRUPO A'!P24 -> 0 | K8: =+'GRUPO A'!Q24 -> 0 | L8: =+'GRUPO A'!R24 -> 0 | M8: =+'GRUPO A'!S24 -> 0 | N8: =+'GRUPO A'!T24 -> 0 | O8: =+'GRUPO A'!U24 -> 0 | P8: =+'GRUPO A'!V24 -> 0 | Q8: =+'GRUPO A'!W24 -> 0 | ... S8: =+'GRUPO A'!Y24 -> 0
B9: =+'GRUPO A'!M23 -> CANCHA 1 B | C9: =+'GRUPO A'!C23 -> 11:45. a.m. | D9: =+'GRUPO A'!E23 -> 0 | E9: =+'GRUPO A'!G23 -> 0 | F9: =+'GRUPO A'!I23 -> 0 | G9: =+'GRUPO A'!K23 -> 0 | H9: =+'GRUPO A'!B4 -> GRUPO A | J9: =+'GRUPO A'!P26 -> 0 | K9: =+'GRUPO A'!Q26 -> 0 | L9: =+'GRUPO A'!R26 -> 0 | M9: =+'GRUPO A'!S26 -> 0 | N9: =+'GRUPO A'!T26 -> 0 | O9: =+'GRUPO A'!U26 -> 0 | P9: =+'GRUPO A'!V26 -> 0 | Q9: =+'GRUPO A'!W26 -> 0 | ... S9: =+'GRUPO A'!Y26 -> 0
B10: =+'GRUPO B'!M20 -> CANCHA 1 C | C10: =+'GRUPO B'!C20 -> 11:45. a.m. | D10: =+'GRUPO B'!E20 -> 0 | E10: =+'GRUPO B'!G20 -> 0 | F10: =+'GRUPO B'!I20 -> 0 | G10: =+'GRUPO B'!K20 -> 0 | H10: =+'GRUPO B'!B4 -> GRUPO B | J10: =+'GRUPO A'!P28 -> 0 | K10: =+'GRUPO A'!Q28 -> 0 | L10: =+'GRUPO A'!R28 -> 0 | M10: =+'GRUPO A'!S28 -> 0 | N10: =+'GRUPO A'!T28 -> 0 | O10: =+'GRUPO A'!U28 -> 0 | P10: =+'GRUPO A'!V28 -> 0 | Q10: =+'GRUPO A'!W28 -> 0 | ... S10: =+'GRUPO A'!Y28 -> 0
B11: =+'GRUPO B'!M23 -> CANCHA 1 A | C11: =+'GRUPO B'!C23 -> 04:40. a.m. | D11: =+'GRUPO B'!E23 -> 0 | E11: =+'GRUPO B'!G23 -> 0 | F11: =+'GRUPO B'!I23 -> 0 | G11: =+'GRUPO B'!K23 -> 0 | H11: =+'GRUPO B'!B4 -> GRUPO B
B12: =+'GRUPO C'!M20 -> CANCHA 1 B | C12: =+'GRUPO C'!C20 -> 11:45. a.m. | D12: =+'GRUPO C'!E20 -> 0 | E12: =+'GRUPO C'!G20 -> 0 | F12: =+'GRUPO C'!I20 -> 0 | G12: =+'GRUPO C'!K20 -> 0 | H12: =+'GRUPO C'!B4 -> GRUPO C | J12: =+'GRUPO B'!B4 -> GRUPO B | K12: =+'GRUPO B'!Q8 -> Pts. | L12: =+'GRUPO B'!R8 -> PJ | M12: =+'GRUPO B'!S8 -> Gan. | N12: =+'GRUPO B'!T8 -> Emp. | O12: =+'GRUPO B'!U8 -> Per. | P12: =+'GRUPO B'!V8 -> GF | Q12: =+'GRUPO B'!W8 -> GC | R12: =+'GRUPO B'!X8 -> Dif. | S12: =+'GRUPO B'!Y8 -> Tj
B13: =+'GRUPO C'!M23 -> CANCHA 1 C | C13: =+'GRUPO C'!C23 -> 12:40. p.m. | D13: =+'GRUPO C'!E23 -> 0 | E13: =+'GRUPO C'!G20 -> 0 | F13: =+'GRUPO C'!I23 -> 0 | G13: =+'GRUPO C'!K20 -> 0 | H13: =+'GRUPO C'!B4 -> GRUPO C | J13: =+'GRUPO B'!P10 -> 1) CLUB ARIEL ARMEL | K13: =+'GRUPO B'!Q10 -> 4 | L13: =+'GRUPO B'!R10 -> 3 | M13: =+'GRUPO B'!S10 -> 1 | N13: =+'GRUPO B'!T10 -> 1 | O13: =+'GRUPO B'!U10 -> 1 | P13: =+'GRUPO B'!V10 -> 7 | Q13: =+'GRUPO B'!W10 -> 4 | ... S13: =+'GRUPO B'!Y10 -> 0
B14: =+'GRUPO D'!M20 -> CANCHA 1 A | C14: =+'GRUPO D'!C20 -> 04:40. a.m. | D14: =+'GRUPO D'!E20 -> 0 | E14: =+'GRUPO D'!G20 -> 0 | F14: =+'GRUPO D'!I20 -> 0 | G14: =+'GRUPO D'!K20 -> 0 | H14: =+'GRUPO D'!B4 -> GRUPO D | J14: =+'GRUPO B'!P12 -> 2) CENTAUROS DEL ARIARI | K14: =+'GRUPO B'!Q12 -> 3 | L14: =+'GRUPO B'!R12 -> 3 | M14: =+'GRUPO B'!S12 -> 1 | N14: =+'GRUPO B'!T12 -> 0 | O14: =+'GRUPO B'!U12 -> 2 | P14: =+'GRUPO B'!V12 -> 4 | Q14: =+'GRUPO B'!W12 -> 5 | ... S14: =+'GRUPO B'!Y12 -> 0
B15: =+'GRUPO D'!M23 -> CANCHA 1 B | C15: =+'GRUPO D'!C23 -> 04:40. p.m. | D15: =+'GRUPO D'!E23 -> 0 | E15: =+'GRUPO D'!G23 -> 0 | F15: =+'GRUPO D'!I23 -> 0 | G15: =+'GRUPO D'!K23 -> 0 | H15: =+'GRUPO D'!B4 -> GRUPO D | J15: =+'GRUPO B'!P14 -> 3) COLEGIO PRINCIPADO DE MONACO | K15: =+'GRUPO B'!Q14 -> 1 | L15: =+'GRUPO B'!R14 -> 3 | M15: =+'GRUPO B'!S14 -> 0 | N15: =+'GRUPO B'!T14 -> 1 | O15: =+'GRUPO B'!U14 -> 2 | P15: =+'GRUPO B'!V14 -> 7 | Q15: =+'GRUPO B'!W14 -> 12 | ... S15: =+'GRUPO B'!Y14 -> 0
B17: =+'IMPRIMIR 2'!A14 -> PARTIDOS fecha 2 | J17: =+'GRUPO B'!P16 -> 0 | K17: =+'GRUPO B'!Q16 -> 0 | L17: =+'GRUPO B'!R16 -> 0 | M17: =+'GRUPO B'!S16 -> 0 | N17: =+'GRUPO B'!T16 -> 0 | O17: =+'GRUPO B'!U16 -> 0 | P17: =+'GRUPO B'!V16 -> 0 | Q17: =+'GRUPO B'!W16 -> 0 | ... S17: =+'GRUPO B'!Y16 -> 0
B18: CANCHA | C18: HORA | D18: EQUIPO | E18: MARCADOR | G18: EQUIPO | H18: GRUPO
A19: =+'GRUPO A'!B26 -> 42966 | B19: =+'GRUPO A'!M26 -> CANCHA 1 C | C19: =+'GRUPO A'!C26 -> 12:40. p.m. | D19: =+'GRUPO A'!E26 -> 0 | E19: =+'GRUPO A'!G26 -> 0 | F19: =+'GRUPO A'!I26 -> 0 | G19: =+'GRUPO A'!K26 -> 0 | H19: =+'GRUPO A'!B4 -> GRUPO A | J19: =+'GRUPO C'!B4 -> GRUPO C | K19: =+'GRUPO C'!Q8 -> Pts. | L19: =+'GRUPO C'!R8 -> PJ | M19: =+'GRUPO C'!S8 -> Gan. | N19: =+'GRUPO C'!T8 -> Emp. | O19: =+'GRUPO C'!U8 -> Per. | P19: =+'GRUPO C'!V8 -> GF | Q19: =+'GRUPO C'!W8 -> GC | R19: =+'GRUPO C'!X8 -> Dif. | S19: =+'GRUPO C'!Y8 -> Tj
B20: =+'GRUPO A'!M29 -> CANCHA 1 C | C20: =+'GRUPO A'!C29 -> 12:50. p.m. | D20: =+'GRUPO A'!E29 -> COLEGIO NEIL ARMSTRONG | E20: =+'GRUPO A'!G29 -> 4 | F20: =+'GRUPO A'!I29 -> 1 | G20: =+'GRUPO A'!K29 -> CLUB CAMPESTRE IBAGUE UNO | H20: =+'GRUPO A'!B4 -> GRUPO A | J20: =+'GRUPO C'!P10 -> 1) GRAMA F. C. | K20: =+'GRUPO C'!Q10 -> 6 | L20: =+'GRUPO C'!R10 -> 3 | M20: =+'GRUPO C'!S10 -> 2 | N20: =+'GRUPO C'!T10 -> 0 | O20: =+'GRUPO C'!U10 -> 1 | P20: =+'GRUPO C'!V10 -> 8 | Q20: =+'GRUPO C'!W10 -> 6 | ... S20: =+'GRUPO C'!Y10 -> 0
B21: =+'GRUPO B'!M26 -> CANCHA 1 B | C21: =+'GRUPO B'!C26 -> 04:40. p.m. | D21: =+'GRUPO B'!E26 -> 0 | E21: =+'GRUPO B'!G26 -> 0 | F21: =+'GRUPO B'!I26 -> 0 | G21: =+'GRUPO B'!K26 -> 0 | H21: =+'GRUPO B'!B4 -> GRUPO B | J21: =+'GRUPO C'!P12 -> 2) ESCUELA DE FORMACIÓN DEPORTIVA MARACANA | K21: =+'GRUPO C'!Q12 -> 4 | L21: =+'GRUPO C'!R12 -> 3 | M21: =+'GRUPO C'!S12 -> 1 | N21: =+'GRUPO C'!T12 -> 1 | O21: =+'GRUPO C'!U12 -> 1 | P21: =+'GRUPO C'!V12 -> 17 | Q21: =+'GRUPO C'!W12 -> 5 | ... S21: =+'GRUPO C'!Y12 -> 0
B22: =+'GRUPO B'!M29 -> CANCHA 1 A | C22: =+'GRUPO B'!C29 -> 10:50. a.m. | D22: =+'GRUPO B'!E29 -> COLEGIO PRINCIPADO DE MONACO | E22: =+'GRUPO B'!G29 -> 1 | F22: =+'GRUPO B'!I29 -> 4 | G22: =+'GRUPO B'!K29 -> CENTAUROS DEL ARIARI | H22: =+'GRUPO B'!B4 -> GRUPO B | J22: =+'GRUPO C'!P14 -> 3) NOVATOS F. C. | K22: =+'GRUPO C'!Q14 -> 0 | L22: =+'GRUPO C'!R14 -> 3 | M22: =+'GRUPO C'!S14 -> 0 | N22: =+'GRUPO C'!T14 -> 0 | O22: =+'GRUPO C'!U14 -> 3 | P22: =+'GRUPO C'!V14 -> 1 | Q22: =+'GRUPO C'!W14 -> 21 | ... S22: =+'GRUPO C'!Y14 -> 0
B23: =+'GRUPO C'!M26 -> CANCHA 1 C | C23: =+'GRUPO C'!C26 -> 03:50. p.m. | D23: =+'GRUPO C'!E26 -> GRAMA F. C. | E23: =+'GRUPO C'!G26 -> 5 | F23: =+'GRUPO C'!I26 -> 1 | G23: =+'GRUPO C'!K26 -> NOVATOS F. C. | H23: =+'GRUPO C'!B4 -> GRUPO C | J23: =+'GRUPO C'!P16 -> 0 | K23: =+'GRUPO C'!Q16 -> 0 | L23: =+'GRUPO C'!R16 -> 0 | M23: =+'GRUPO C'!S16 -> 0 | N23: =+'GRUPO C'!T16 -> 0 | O23: =+'GRUPO C'!U16 -> 0 | P23: =+'GRUPO C'!V16 -> 0 | Q23: =+'GRUPO C'!W16 -> 0 | ... S23: =+'GRUPO C'!Y16 -> 0
B24: =+'GRUPO C'!M29 -> CANCHA 1 A | C24: =+'GRUPO C'!C29 -> 12:50. p.m. | D24: =+'GRUPO C'!E29 -> GRAMA F. C. | E24: =+'GRUPO C'!G29 -> 2 | F24: =+'GRUPO C'!I29 -> 1 | G24: =+'GRUPO C'!K29 -> ESCUELA DE FORMACIÓN DEPORTIVA MARACANA | H24: =+'GRUPO C'!B4 -> GRUPO C
B25: =+'GRUPO D'!M26 -> CANCHA 1 B | C25: =+'GRUPO D'!C26 -> 09:50. a.m. | D25: =+'GRUPO D'!E26 -> ESCUELA DEPORTIVA DE FÚTBOL RAQUIRA | E25: =+'GRUPO D'!G26 -> 2 | F25: =+'GRUPO D'!I26 -> 5 | G25: =+'GRUPO D'!K26 -> CLUB CAMPESTRE IBAGUE DOS | H25: =+'GRUPO D'!B4 -> GRUPO D | J25: =+'GRUPO D'!B4 -> GRUPO D | K25: =+'GRUPO D'!Q8 -> Pts. | L25: =+'GRUPO D'!R8 -> PJ | M25: =+'GRUPO D'!S8 -> Gan. | N25: =+'GRUPO D'!T8 -> Emp. | O25: =+'GRUPO D'!U8 -> Per. | P25: =+'GRUPO D'!V8 -> GF | Q25: =+'GRUPO D'!W8 -> GC | R25: =+'GRUPO D'!X8 -> Dif. | S25: =+'GRUPO D'!Y8 -> Tj
B26: =+'GRUPO D'!M29 -> CANCHA 1 A | C26: =+'GRUPO D'!C29 -> 11:55. a.m. | D26: =+'GRUPO D'!E29 -> ESCUELA DEPORTIVA DE FÚTBOL RAQUIRA | E26: =+'GRUPO D'!G29 -> 0 | F26: =+'GRUPO D'!I29 -> 12 | G26: =+'GRUPO D'!K29 -> CORDOBA Y SERRANO F. C. | H26: =+'GRUPO D'!B4 -> GRUPO D | J26: =+'GRUPO D'!P10 -> 1) CLUB CAMPESTRE IBAGUE DOS | K26: =+'GRUPO D'!Q10 -> 7 | L26: =+'GRUPO D'!R10 -> 3 | M26: =+'GRUPO D'!S10 -> 2 | N26: =+'GRUPO D'!T10 -> 1 | O26: =+'GRUPO D'!U10 -> 0 | P26: =+'GRUPO D'!V10 -> 12 | Q26: =+'GRUPO D'!W10 -> 9 | ... S26: =+'GRUPO D'!Y10 -> 0
B28: =+'IMPRIMIR 3'!A17 -> PARTIDOS fecha 3 ULTIMA | J28: =+'GRUPO D'!P12 -> 2) CORDOBA Y SERRANO F. C. | K28: =+'GRUPO D'!Q12 -> 5 | L28: =+'GRUPO D'!R12 -> 3 | M28: =+'GRUPO D'!S12 -> 1 | N28: =+'GRUPO D'!T12 -> 2 | O28: =+'GRUPO D'!U12 -> 0 | P28: =+'GRUPO D'!V12 -> 18 | Q28: =+'GRUPO D'!W12 -> 6 | ... S28: =+'GRUPO D'!Y12 -> 0
B29: CANCHA | C29: HORA | D29: EQUIPO | E29: MARCADOR | G29: EQUIPO | H29: GRUPO | J29: =+'GRUPO D'!P14 -> 3) ESCUELA DEPORTIVA DE FÚTBOL RAQUIRA | K29: =+'GRUPO D'!Q14 -> 3 | L29: =+'GRUPO D'!R14 -> 3 | M29: =+'GRUPO D'!S14 -> 1 | N29: =+'GRUPO D'!T14 -> 0 | O29: =+'GRUPO D'!U14 -> 2 | P29: =+'GRUPO D'!V14 -> 5 | Q29: =+'GRUPO D'!W14 -> 17 | ... S29: =+'GRUPO D'!Y14 -> 0
A30: =+'GRUPO A'!B32 -> 42967 | B30: =+'GRUPO A'!M32 -> CANCHA 1 A | C30: =+'GRUPO A'!C32 -> 09:50. a.m. | D30: =+'GRUPO A'!E32 -> CLUB LOS PAPETICOS | E30: =+'GRUPO A'!G32 -> 9 | F30: =+'GRUPO A'!I32 -> 2 | G30: =+'GRUPO A'!K32 -> CLUB CAMPESTRE IBAGUE UNO | H30: =+'GRUPO A'!B4 -> GRUPO A | J30: =+'GRUPO D'!P16 -> 0 | K30: =+'GRUPO D'!Q16 -> 0 | L30: =+'GRUPO D'!R16 -> 0 | M30: =+'GRUPO D'!S16 -> 0 | N30: =+'GRUPO D'!T16 -> 0 | O30: =+'GRUPO D'!U16 -> 0 | P30: =+'GRUPO D'!V16 -> 0 | Q30: =+'GRUPO D'!W16 -> 0 | ... S30: =+'GRUPO D'!Y16 -> 0
B31: =+'GRUPO A'!M35 -> 0 | C31: =+'GRUPO A'!C35 -> 0 | D31: =+'GRUPO A'!E35 -> 0 | E31: =+'GRUPO A'!G35 -> 0 | F31: =+'GRUPO A'!I35 -> 0 | G31: =+'GRUPO A'!K35 -> 0 | H31: =+'GRUPO A'!B4 -> GRUPO A
B32: =+'GRUPO B'!M32 -> CANCHA 1 A | C32: =+'GRUPO B'!C32 -> 04:30. p.m. | D32: =+'GRUPO B'!E32 -> CLUB ARIEL ARMEL | E32: =+'GRUPO B'!G32 -> 1 | F32: =+'GRUPO B'!I32 -> 0 | G32: =+'GRUPO B'!K32 -> CENTAUROS DEL ARIARI | H32: =+'GRUPO B'!B4 -> GRUPO B
B33: =+'GRUPO B'!M35 -> 0 | C33: =+'GRUPO B'!C35 -> 0 | D33: =+'GRUPO B'!E35 -> 0 | E33: =+'GRUPO B'!G35 -> 0 | F33: =+'GRUPO B'!I35 -> 0 | G33: =+'GRUPO B'!K35 -> 0 | H33: =+'GRUPO B'!B4 -> GRUPO B
B34: =+'GRUPO C'!M32 -> CANCHA 1 C | C34: =+'GRUPO C'!C32 -> 09:50. a.m. | D34: =+'GRUPO C'!E32 -> NOVATOS F. C. | E34: =+'GRUPO C'!G32 -> 0 | F34: =+'GRUPO C'!I32 -> 13 | G34: =+'GRUPO C'!K32 -> ESCUELA DE FORMACIÓN DEPORTIVA MARACANA | H34: =+'GRUPO C'!B4 -> GRUPO C
B35: =+'GRUPO C'!M35 -> 0 | C35: =+'GRUPO C'!C35 -> 0 | D35: =+'GRUPO C'!E35 -> 0 | E35: =+'GRUPO C'!G35 -> 0 | F35: =+'GRUPO C'!I35 -> 0 | G35: =+'GRUPO C'!K35 -> 0 | H35: =+'GRUPO C'!B4 -> GRUPO C
B36: =+'GRUPO D'!M32 -> CANCHA 1 A | C36: =+'GRUPO D'!C32 -> 12:40. p.m. | D36: =+'GRUPO D'!E32 -> CLUB CAMPESTRE IBAGUE DOS | E36: =+'GRUPO D'!G32 -> 3 | F36: =+'GRUPO D'!I32 -> 3 | G36: =+'GRUPO D'!K32 -> CORDOBA Y SERRANO F. C. | H36: =+'GRUPO D'!B4 -> GRUPO D
B37: =+'GRUPO D'!M35 -> 0 | C37: =+'GRUPO D'!C35 -> 0 | D37: =+'GRUPO D'!E35 -> 0 | E37: =+'GRUPO D'!G35 -> 0 | F37: =+'GRUPO D'!I35 -> 0 | G37: =+'GRUPO D'!K35 -> 0 | H37: =+'GRUPO D'!B4 -> GRUPO D
B39: =+DEFINICION!B5 -> SEMIFINALES
B40: CANCHA | C40: HORA | D40: EQUIPO | E40: MARCADOR | G40: EQUIPO | H40: LLAVE
A41: =+'CUARTOS DE FINAL.'!B9 -> 42596 | B41: =+'CUARTOS DE FINAL.'!N6 -> PALMARA | C41: =+'CUARTOS DE FINAL.'!D6 -> 03:00. p.m. | D41: =+'CUARTOS DE FINAL.'!G6 -> #N/A | E41: =+'CUARTOS DE FINAL.'!H6 -> 1 | F41: =+'CUARTOS DE FINAL.'!J6 -> 2 | G41: =+'CUARTOS DE FINAL.'!L6 -> ESCUELA DE FORMACIÓN DEPORTIVA MARACANA | H41: =+'CUARTOS DE FINAL.'!C6 -> LLAVE A
B42: =+'CUARTOS DE FINAL.'!N9 -> CANCHA 2 | C42: =+'CUARTOS DE FINAL.'!D9 -> 04:20. p.m. | D42: =+'CUARTOS DE FINAL.'!G9 -> CLUB ARIEL ARMEL | E42: =+'CUARTOS DE FINAL.'!H9 -> 2 | F42: =+'CUARTOS DE FINAL.'!J9 -> 1 | G42: =+'CUARTOS DE FINAL.'!L9 -> CORDOBA Y SERRANO F. C. | H42: =+'CUARTOS DE FINAL.'!C9 -> LLAVE B
B43: =+'CUARTOS DE FINAL.'!N12 -> CANCHA 2 | C43: =+'CUARTOS DE FINAL.'!D12 -> 03:00. p.m. | D43: =+'CUARTOS DE FINAL.'!G12 -> GRAMA F. C. | E43: =+'CUARTOS DE FINAL.'!H12 -> 1 | F43: =+'CUARTOS DE FINAL.'!J12 -> 2 | G43: =+'CUARTOS DE FINAL.'!L12 -> #N/A | H43: =+'CUARTOS DE FINAL.'!C12 -> LLAVE C
B44: =+'CUARTOS DE FINAL.'!N15 -> PALMARA | C44: =+'CUARTOS DE FINAL.'!D15 -> 04:20. p.m. | D44: =+'CUARTOS DE FINAL.'!G15 -> CLUB CAMPESTRE IBAGUE DOS | E44: =+'CUARTOS DE FINAL.'!H15 -> 2 | F44: =+'CUARTOS DE FINAL.'!J15 -> 1 | G44: =+'CUARTOS DE FINAL.'!L15 -> CENTAUROS DEL ARIARI | H44: =+'CUARTOS DE FINAL.'!C15 -> LLAVE D

Sheet Hoja2 (3)
A1: =+'PRE BABY GRUPOS'!B1:I1 -> #VALUE!
A2: =+'PRE BABY GRUPOS'!B2:I2 -> #VALUE!
A3: =+'PRE BABY GRUPOS'!#REF! -> #REF!
A4: =+'PRE BABY GRUPOS'!C3 -> NACIDOS 2012 2013
A5: CALENDARIO OFICIAL
B6: =+IMPRIMIR!A14 -> PARTIDOS fecha 1 | J6: =+'GRUPO A'!B4 -> GRUPO A | K6: =+'GRUPO A'!Q20 -> 0 | L6: =+'GRUPO A'!R20 -> 0 | M6: =+'GRUPO A'!S20 -> 0 | N6: =+'GRUPO A'!T20 -> 0 | O6: =+'GRUPO A'!U20 -> 0 | P6: =+'GRUPO A'!V20 -> 0 | Q6: =+'GRUPO A'!W20 -> 0 | R6: =+'GRUPO A'!X20 -> 0 | S6: =+'GRUPO A'!Y20 -> 0
B7: CANCHA | C7: HORA | D7: EQUIPO | E7: MARCADOR | G7: EQUIPO | H7: GRUPO | J7: =+'GRUPO A'!P22 -> 0 | K7: =+'GRUPO A'!Q22 -> 0 | L7: =+'GRUPO A'!R22 -> 0 | M7: =+'GRUPO A'!S22 -> 0 | N7: =+'GRUPO A'!T22 -> 0 | O7: =+'GRUPO A'!U22 -> 0 | P7: =+'GRUPO A'!V22 -> 0 | Q7: =+'GRUPO A'!W22 -> 0 | ... S7: =+'GRUPO A'!Y22 -> 0
A8: =+'GRUPO A'!B20 -> 42966 | B8: =+'GRUPO A'!M20 -> CANCHA 1 A | C8: =+'GRUPO A'!C20 -> 11:45. a.m. | D8: =+'GRUPO A'!E20 -> 0 | E8: =+'GRUPO A'!G20 -> 0 | F8: =+'GRUPO A'!I20 -> 0 | G8: =+'GRUPO A'!K20 -> 0 | H8: =+'GRUPO A'!B4 -> GRUPO A | J8: =+'GRUPO A'!P24 -> 0 | K8: =+'GRUPO A'!Q24 -> 0 | L8: =+'GRUPO A'!R24 -> 0 | M8: =+'GRUPO A'!S24 -> 0 | N8: =+'GRUPO A'!T24 -> 0 | O8: =+'GRUPO A'!U24 -> 0 | P8: =+'GRUPO A'!V24 -> 0 | Q8: =+'GRUPO A'!W24 -> 0 | ... S8: =+'GRUPO A'!Y24 -> 0
B9: =+'GRUPO A'!M23 -> CANCHA 1 B | C9: =+'GRUPO A'!C23 -> 11:45. a.m. | D9: =+'GRUPO A'!E23 -> 0 | E9: =+'GRUPO A'!G23 -> 0 | F9: =+'GRUPO A'!I23 -> 0 | G9: =+'GRUPO A'!K23 -> 0 | H9: =+'GRUPO A'!B4 -> GRUPO A | J9: =+'GRUPO A'!P26 -> 0 | K9: =+'GRUPO A'!Q26 -> 0 | L9: =+'GRUPO A'!R26 -> 0 | M9: =+'GRUPO A'!S26 -> 0 | N9: =+'GRUPO A'!T26 -> 0 | O9: =+'GRUPO A'!U26 -> 0 | P9: =+'GRUPO A'!V26 -> 0 | Q9: =+'GRUPO A'!W26 -> 0 | ... S9: =+'GRUPO A'!Y26 -> 0
B10: =+'GRUPO B'!M20 -> CANCHA 1 C | C10: =+'GRUPO B'!C20 -> 11:45. a.m. | D10: =+'GRUPO B'!E20 -> 0 | E10: =+'GRUPO B'!G20 -> 0 | F10: =+'GRUPO B'!I20 -> 0 | G10: =+'GRUPO B'!K20 -> 0 | H10: =+'GRUPO B'!B4 -> GRUPO B | J10: =+'GRUPO A'!P28 -> 0 | K10: =+'GRUPO A'!Q28 -> 0 | L10: =+'GRUPO A'!R28 -> 0 | M10: =+'GRUPO A'!S28 -> 0 | N10: =+'GRUPO A'!T28 -> 0 | O10: =+'GRUPO A'!U28 -> 0 | P10: =+'GRUPO A'!V28 -> 0 | Q10: =+'GRUPO A'!W28 -> 0 | ... S10: =+'GRUPO A'!Y28 -> 0
B11: =+'GRUPO B'!M23 -> CANCHA 1 A | C11: =+'GRUPO B'!C23 -> 04:40. a.m. | D11: =+'GRUPO B'!E23 -> 0 | E11: =+'GRUPO B'!G23 -> 0 | F11: =+'GRUPO B'!I23 -> 0 | G11: =+'GRUPO B'!K23 -> 0 | H11: =+'GRUPO B'!B4 -> GRUPO B
B12: =+'GRUPO C'!M20 -> CANCHA 1 B | C12: =+'GRUPO C'!C20 -> 11:45. a.m. | D12: =+'GRUPO C'!E20 -> 0 | E12: =+'GRUPO C'!G20 -> 0 | F12: =+'GRUPO C'!I20 -> 0 | G12: =+'GRUPO C'!K20 -> 0 | H12: =+'GRUPO C'!B4 -> GRUPO C | J12: =+'GRUPO B'!B4 -> GRUPO B | K12: =+'GRUPO B'!Q8 -> Pts. | L12: =+'GRUPO B'!R8 -> PJ | M12: =+'GRUPO B'!S8 -> Gan. | N12: =+'GRUPO B'!T8 -> Emp. | O12: =+'GRUPO B'!U8 -> Per. | P12: =+'GRUPO B'!V8 -> GF | Q12: =+'GRUPO B'!W8 -> GC | R12: =+'GRUPO B'!X8 -> Dif. | S12: =+'GRUPO B'!Y8 -> Tj
B13: =+'GRUPO C'!M23 -> CANCHA 1 C | C13: =+'GRUPO C'!C23 -> 12:40. p.m. | D13: =+'GRUPO C'!E23 -> 0 | E13: =+'GRUPO C'!G20 -> 0 | F13: =+'GRUPO C'!I23 -> 0 | G13: =+'GRUPO C'!K20 -> 0 | H13: =+'GRUPO C'!B4 -> GRUPO C | J13: =+'GRUPO B'!P10 -> 1) CLUB ARIEL ARMEL | K13: =+'GRUPO B'!Q10 -> 4 | L13: =+'GRUPO B'!R10 -> 3 | M13: =+'GRUPO B'!S10 -> 1 | N13: =+'GRUPO B'!T10 -> 1 | O13: =+'GRUPO B'!U10 -> 1 | P13: =+'GRUPO B'!V10 -> 7 | Q13: =+'GRUPO B'!W10 -> 4 | ... S13: =+'GRUPO B'!Y10 -> 0
B14: =+'GRUPO D'!M20 -> CANCHA 1 A | C14: =+'GRUPO D'!C20 -> 04:40. a.m. | D14: =+'GRUPO D'!E20 -> 0 | E14: =+'GRUPO D'!G20 -> 0 | F14: =+'GRUPO D'!I20 -> 0 | G14: =+'GRUPO D'!K20 -> 0 | H14: =+'GRUPO D'!B4 -> GRUPO D | J14: =+'GRUPO B'!P12 -> 2) CENTAUROS DEL ARIARI | K14: =+'GRUPO B'!Q12 -> 3 | L14: =+'GRUPO B'!R12 -> 3 | M14: =+'GRUPO B'!S12 -> 1 | N14: =+'GRUPO B'!T12 -> 0 | O14: =+'GRUPO B'!U12 -> 2 | P14: =+'GRUPO B'!V12 -> 4 | Q14: =+'GRUPO B'!W12 -> 5 | ... S14: =+'GRUPO B'!Y12 -> 0
B15: =+'GRUPO D'!M23 -> CANCHA 1 B | C15: =+'GRUPO D'!C23 -> 04:40. p.m. | D15: =+'GRUPO D'!E23 -> 0 | E15: =+'GRUPO D'!G23 -> 0 | F15: =+'GRUPO D'!I23 -> 0 | G15: =+'GRUPO D'!K23 -> 0 | H15: =+'GRUPO D'!B4 -> GRUPO D | J15: =+'GRUPO B'!P14 -> 3) COLEGIO PRINCIPADO DE MONACO | K15: =+'GRUPO B'!Q14 -> 1 | L15: =+'GRUPO B'!R14 -> 3 | M15: =+'GRUPO B'!S14 -> 0 | N15: =+'GRUPO B'!T14 -> 1 | O15: =+'GRUPO B'!U14 -> 2 | P15: =+'GRUPO B'!V14 -> 7 | Q15: =+'GRUPO B'!W14 -> 12 | ... S15: =+'GRUPO B'!Y14 -> 0
B17: =+'IMPRIMIR 2'!A14 -> PARTIDOS fecha 2 | J17: =+'GRUPO B'!P16 -> 0 | K17: =+'GRUPO B'!Q16 -> 0 | L17: =+'GRUPO B'!R16 -> 0 | M17: =+'GRUPO B'!S16 -> 0 | N17: =+'GRUPO B'!T16 -> 0 | O17: =+'GRUPO B'!U16 -> 0 | P17: =+'GRUPO B'!V16 -> 0 | Q17: =+'GRUPO B'!W16 -> 0 | ... S17: =+'GRUPO B'!Y16 -> 0
B18: CANCHA | C18: HORA | D18: EQUIPO | E18: MARCADOR | G18: EQUIPO | H18: GRUPO
A19: =+'GRUPO A'!B26 -> 42966 | B19: =+'GRUPO A'!M26 -> CANCHA 1 C | C19: =+'GRUPO A'!C26 -> 12:40. p.m. | D19: =+'GRUPO A'!E26 -> 0 | E19: =+'GRUPO A'!G26 -> 0 | F19: =+'GRUPO A'!I26 -> 0 | G19: =+'GRUPO A'!K26 -> 0 | H19: =+'GRUPO A'!B4 -> GRUPO A | J19: =+'GRUPO C'!B4 -> GRUPO C | K19: =+'GRUPO C'!Q8 -> Pts. | L19: =+'GRUPO C'!R8 -> PJ | M19: =+'GRUPO C'!S8 -> Gan. | N19: =+'GRUPO C'!T8 -> Emp. | O19: =+'GRUPO C'!U8 -> Per. | P19: =+'GRUPO C'!V8 -> GF | Q19: =+'GRUPO C'!W8 -> GC | R19: =+'GRUPO C'!X8 -> Dif. | S19: =+'GRUPO C'!Y8 -> Tj
B20: =+'GRUPO A'!M29 -> CANCHA 1 C | C20: =+'GRUPO A'!C29 -> 12:50. p.m. | D20: =+'GRUPO A'!E29 -> COLEGIO NEIL ARMSTRONG | E20: =+'GRUPO A'!G29 -> 4 | F20: =+'GRUPO A'!I29 -> 1 | G20: =+'GRUPO A'!K29 -> CLUB CAMPESTRE IBAGUE UNO | H20: =+'GRUPO A'!B4 -> GRUPO A | J20: =+'GRUPO C'!P10 -> 1) GRAMA F. C. | K20: =+'GRUPO C'!Q10 -> 6 | L20: =+'GRUPO C'!R10 -> 3 | M20: =+'GRUPO C'!S10 -> 2 | N20: =+'GRUPO C'!T10 -> 0 | O20: =+'GRUPO C'!U10 -> 1 | P20: =+'GRUPO C'!V10 -> 8 | Q20: =+'GRUPO C'!W10 -> 6 | ... S20: =+'GRUPO C'!Y10 -> 0
B21: =+'GRUPO B'!M26 -> CANCHA 1 B | C21: =+'GRUPO B'!C26 -> 04:40. p.m. | D21: =+'GRUPO B'!E26 -> 0 | E21: =+'GRUPO B'!G26 -> 0 | F21: =+'GRUPO B'!I26 -> 0 | G21: =+'GRUPO B'!K26 -> 0 | H21: =+'GRUPO B'!B4 -> GRUPO B | J21: =+'GRUPO C'!P12 -> 2) ESCUELA DE FORMACIÓN DEPORTIVA MARACANA | K21: =+'GRUPO C'!Q12 -> 4 | L21: =+'GRUPO C'!R12 -> 3 | M21: =+'GRUPO C'!S12 -> 1 | N21: =+'GRUPO C'!T12 -> 1 | O21: =+'GRUPO C'!U12 -> 1 | P21: =+'GRUPO C'!V12 -> 17 | Q21: =+'GRUPO C'!W12 -> 5 | ... S21: =+'GRUPO C'!Y12 -> 0
B22: =+'GRUPO B'!M29 -> CANCHA 1 A | C22: =+'GRUPO B'!C29 -> 10:50. a.m. | D22: =+'GRUPO B'!E29 -> COLEGIO PRINCIPADO DE MONACO | E22: =+'GRUPO B'!G29 -> 1 | F22: =+'GRUPO B'!I29 -> 4 | G22: =+'GRUPO B'!K29 -> CENTAUROS DEL ARIARI | H22: =+'GRUPO B'!B4 -> GRUPO B | J22: =+'GRUPO C'!P14 -> 3) NOVATOS F. C. | K22: =+'GRUPO C'!Q14 -> 0 | L22: =+'GRUPO C'!R14 -> 3 | M22: =+'GRUPO C'!S14 -> 0 | N22: =+'GRUPO C'!T14 -> 0 | O22: =+'GRUPO C'!U14 -> 3 | P22: =+'GRUPO C'!V14 -> 1 | Q22: =+'GRUPO C'!W14 -> 21 | ... S22: =+'GRUPO C'!Y14 -> 0
B23: =+'GRUPO C'!M26 -> CANCHA 1 C | C23: =+'GRUPO C'!C26 -> 03:50. p.m. | D23: =+'GRUPO C'!E26 -> GRAMA F. C. | E23: =+'GRUPO C'!G26 -> 5 | F23: =+'GRUPO C'!I26 -> 1 | G23: =+'GRUPO C'!K26 -> NOVATOS F. C. | H23: =+'GRUPO C'!B4 -> GRUPO C | J23: =+'GRUPO C'!P16 -> 0 | K23: =+'GRUPO C'!Q16 -> 0 | L23: =+'GRUPO C'!R16 -> 0 | M23: =+'GRUPO C'!S16 -> 0 | N23: =+'GRUPO C'!T16 -> 0 | O23: =+'GRUPO C'!U16 -> 0 | P23: =+'GRUPO C'!V16 -> 0 | Q23: =+'GRUPO C'!W16 -> 0 | ... S23: =+'GRUPO C'!Y16 -> 0
B24: =+'GRUPO C'!M29 -> CANCHA 1 A | C24: =+'GRUPO C'!C29 -> 12:50. p.m. | D24: =+'GRUPO C'!E29 -> GRAMA F. C. | E24: =+'GRUPO C'!G29 -> 2 | F24: =+'GRUPO C'!I29 -> 1 | G24: =+'GRUPO C'!K29 -> ESCUELA DE FORMACIÓN DEPORTIVA MARACANA | H24: =+'GRUPO C'!B4 -> GRUPO C
B25: =+'GRUPO D'!M26 -> CANCHA 1 B | C25: =+'GRUPO D'!C26 -> 09:50. a.m. | D25: =+'GRUPO D'!E26 -> ESCUELA DEPORTIVA DE FÚTBOL RAQUIRA | E25: =+'GRUPO D'!G26 -> 2 | F25: =+'GRUPO D'!I26 -> 5 | G25: =+'GRUPO D'!K26 -> CLUB CAMPESTRE IBAGUE DOS | H25: =+'GRUPO D'!B4 -> GRUPO D | J25: =+'GRUPO D'!B4 -> GRUPO D | K25: =+'GRUPO D'!Q8 -> Pts. | L25: =+'GRUPO D'!R8 -> PJ | M25: =+'GRUPO D'!S8 -> Gan. | N25: =+'GRUPO D'!T8 -> Emp. | O25: =+'GRUPO D'!U8 -> Per. | P25: =+'GRUPO D'!V8 -> GF | Q25: =+'GRUPO D'!W8 -> GC | R25: =+'GRUPO D'!X8 -> Dif. | S25: =+'GRUPO D'!Y8 -> Tj
B26: =+'GRUPO D'!M29 -> CANCHA 1 A | C26: =+'GRUPO D'!C29 -> 11:55. a.m. | D26: =+'GRUPO D'!E29 -> ESCUELA DEPORTIVA DE FÚTBOL RAQUIRA | E26: =+'GRUPO D'!G29 -> 0 | F26: =+'GRUPO D'!I29 -> 12 | G26: =+'GRUPO D'!K29 -> CORDOBA Y SERRANO F. C. | H26: =+'GRUPO D'!B4 -> GRUPO D | J26: =+'GRUPO D'!P10 -> 1) CLUB CAMPESTRE IBAGUE DOS | K26: =+'GRUPO D'!Q10 -> 7 | L26: =+'GRUPO D'!R10 -> 3 | M26: =+'GRUPO D'!S10 -> 2 | N26: =+'GRUPO D'!T10 -> 1 | O26: =+'GRUPO D'!U10 -> 0 | P26: =+'GRUPO D'!V10 -> 12 | Q26: =+'GRUPO D'!W10 -> 9 | ... S26: =+'GRUPO D'!Y10 -> 0
B28: =+'IMPRIMIR 3'!A17 -> PARTIDOS fecha 3 ULTIMA | J28: =+'GRUPO D'!P12 -> 2) CORDOBA Y SERRANO F. C. | K28: =+'GRUPO D'!Q12 -> 5 | L28: =+'GRUPO D'!R12 -> 3 | M28: =+'GRUPO D'!S12 -> 1 | N28: =+'GRUPO D'!T12 -> 2 | O28: =+'GRUPO D'!U12 -> 0 | P28: =+'GRUPO D'!V12 -> 18 | Q28: =+'GRUPO D'!W12 -> 6 | ... S28: =+'GRUPO D'!Y12 -> 0
B29: CANCHA | C29: HORA | D29: EQUIPO | E29: MARCADOR | G29: EQUIPO | H29: GRUPO | J29: =+'GRUPO D'!P14 -> 3) ESCUELA DEPORTIVA DE FÚTBOL RAQUIRA | K29: =+'GRUPO D'!Q14 -> 3 | L29: =+'GRUPO D'!R14 -> 3 | M29: =+'GRUPO D'!S14 -> 1 | N29: =+'GRUPO D'!T14 -> 0 | O29: =+'GRUPO D'!U14 -> 2 | P29: =+'GRUPO D'!V14 -> 5 | Q29: =+'GRUPO D'!W14 -> 17 | ... S29: =+'GRUPO D'!Y14 -> 0
A30: =+'GRUPO A'!B32 -> 42967 | B30: =+'GRUPO A'!M32 -> CANCHA 1 A | C30: =+'GRUPO A'!C32 -> 09:50. a.m. | D30: =+'GRUPO A'!E32 -> CLUB LOS PAPETICOS | E30: =+'GRUPO A'!G32 -> 9 | F30: =+'GRUPO A'!I32 -> 2 | G30: =+'GRUPO A'!K32 -> CLUB CAMPESTRE IBAGUE UNO | H30: =+'GRUPO A'!B4 -> GRUPO A | J30: =+'GRUPO D'!P16 -> 0 | K30: =+'GRUPO D'!Q16 -> 0 | L30: =+'GRUPO D'!R16 -> 0 | M30: =+'GRUPO D'!S16 -> 0 | N30: =+'GRUPO D'!T16 -> 0 | O30: =+'GRUPO D'!U16 -> 0 | P30: =+'GRUPO D'!V16 -> 0 | Q30: =+'GRUPO D'!W16 -> 0 | ... S30: =+'GRUPO D'!Y16 -> 0
B31: =+'GRUPO A'!M35 -> 0 | C31: =+'GRUPO A'!C35 -> 0 | D31: =+'GRUPO A'!E35 -> 0 | E31: =+'GRUPO A'!G35 -> 0 | F31: =+'GRUPO A'!I35 -> 0 | G31: =+'GRUPO A'!K35 -> 0 | H31: =+'GRUPO A'!B4 -> GRUPO A
B32: =+'GRUPO B'!M32 -> CANCHA 1 A | C32: =+'GRUPO B'!C32 -> 04:30. p.m. | D32: =+'GRUPO B'!E32 -> CLUB ARIEL ARMEL | E32: =+'GRUPO B'!G32 -> 1 | F32: =+'GRUPO B'!I32 -> 0 | G32: =+'GRUPO B'!K32 -> CENTAUROS DEL ARIARI | H32: =+'GRUPO B'!B4 -> GRUPO B
B33: =+'GRUPO B'!M35 -> 0 | C33: =+'GRUPO B'!C35 -> 0 | D33: =+'GRUPO B'!E35 -> 0 | E33: =+'GRUPO B'!G35 -> 0 | F33: =+'GRUPO B'!I35 -> 0 | G33: =+'GRUPO B'!K35 -> 0 | H33: =+'GRUPO B'!B4 -> GRUPO B
B34: =+'GRUPO C'!M32 -> CANCHA 1 C | C34: =+'GRUPO C'!C32 -> 09:50. a.m. | D34: =+'GRUPO C'!E32 -> NOVATOS F. C. | E34: =+'GRUPO C'!G32 -> 0 | F34: =+'GRUPO C'!I32 -> 13 | G34: =+'GRUPO C'!K32 -> ESCUELA DE FORMACIÓN DEPORTIVA MARACANA | H34: =+'GRUPO C'!B4 -> GRUPO C
B35: =+'GRUPO C'!M35 -> 0 | C35: =+'GRUPO C'!C35 -> 0 | D35: =+'GRUPO C'!E35 -> 0 | E35: =+'GRUPO C'!G35 -> 0 | F35: =+'GRUPO C'!I35 -> 0 | G35: =+'GRUPO C'!K35 -> 0 | H35: =+'GRUPO C'!B4 -> GRUPO C
B36: =+'GRUPO D'!M32 -> CANCHA 1 A | C36: =+'GRUPO D'!C32 -> 12:40. p.m. | D36: =+'GRUPO D'!E32 -> CLUB CAMPESTRE IBAGUE DOS | E36: =+'GRUPO D'!G32 -> 3 | F36: =+'GRUPO D'!I32 -> 3 | G36: =+'GRUPO D'!K32 -> CORDOBA Y SERRANO F. C. | H36: =+'GRUPO D'!B4 -> GRUPO D
B37: =+'GRUPO D'!M35 -> 0 | C37: =+'GRUPO D'!C35 -> 0 | D37: =+'GRUPO D'!E35 -> 0 | E37: =+'GRUPO D'!G35 -> 0 | F37: =+'GRUPO D'!I35 -> 0 | G37: =+'GRUPO D'!K35 -> 0 | H37: =+'GRUPO D'!B4 -> GRUPO D
B39: =+'CUARTOS DE FINAL.'!B2 -> CUARTOS DE FINAL
B40: CANCHA | C40: HORA | D40: EQUIPO | E40: MARCADOR | G40: EQUIPO | H40: LLAVE
A41: =+'CUARTOS DE FINAL.'!B9 -> 42596 | B41: =+'CUARTOS DE FINAL.'!N6 -> PALMARA | C41: =+'CUARTOS DE FINAL.'!D6 -> 03:00. p.m. | D41: =+'CUARTOS DE FINAL.'!G6 -> #N/A | E41: =+'CUARTOS DE FINAL.'!H6 -> 1 | F41: =+'CUARTOS DE FINAL.'!J6 -> 2 | G41: =+'CUARTOS DE FINAL.'!L6 -> ESCUELA DE FORMACIÓN DEPORTIVA MARACANA | H41: =+'CUARTOS DE FINAL.'!C6 -> LLAVE A
B42: =+'CUARTOS DE FINAL.'!N9 -> CANCHA 2 | C42: =+'CUARTOS DE FINAL.'!D9 -> 04:20. p.m. | D42: =+'CUARTOS DE FINAL.'!G9 -> CLUB ARIEL ARMEL | E42: =+'CUARTOS DE FINAL.'!H9 -> 2 | F42: =+'CUARTOS DE FINAL.'!J9 -> 1 | G42: =+'CUARTOS DE FINAL.'!L9 -> CORDOBA Y SERRANO F. C. | H42: =+'CUARTOS DE FINAL.'!C9 -> LLAVE B
B43: =+'CUARTOS DE FINAL.'!N12 -> CANCHA 2 | C43: =+'CUARTOS DE FINAL.'!D12 -> 03:00. p.m. | D43: =+'CUARTOS DE FINAL.'!G12 -> GRAMA F. C. | E43: =+'CUARTOS DE FINAL.'!H12 -> 1 | F43: =+'CUARTOS DE FINAL.'!J12 -> 2 | G43: =+'CUARTOS DE FINAL.'!L12 -> #N/A | H43: =+'CUARTOS DE FINAL.'!C12 -> LLAVE C
B44: =+'CUARTOS DE FINAL.'!N15 -> PALMARA | C44: =+'CUARTOS DE FINAL.'!D15 -> 04:20. p.m. | D44: =+'CUARTOS DE FINAL.'!G15 -> CLUB CAMPESTRE IBAGUE DOS | E44: =+'CUARTOS DE FINAL.'!H15 -> 2 | F44: =+'CUARTOS DE FINAL.'!J15 -> 1 | G44: =+'CUARTOS DE FINAL.'!L15 -> CENTAUROS DEL ARIARI | H44: =+'CUARTOS DE FINAL.'!C15 -> LLAVE D
B46: =+DEFINICION!B5 -> SEMIFINALES
B47: CANCHA | C47: HORA | D47: EQUIPO | E47: MARCADOR | G47: EQUIPO | H47: LLAVE
A48: =+DEFINICION!B9 -> 43090 | B48: =+DEFINICION!O9 -> CANCHA 2 | C48: =+DEFINICION!D9 -> 08:20 a.m. | D48: GANADOR LLAVE A | E48: =+'CUARTOS DE FINAL.'!H13 -> 0 | F48: =+'CUARTOS DE FINAL.'!J13 -> 0 | G48: GANADOR LLAVE B | H48: =+DEFINICION!C9 -> LLAVE A
B49: =+DEFINICION!O12 -> CANCHA 2 | C49: =+DEFINICION!D12 -> 09:30 a.m. | D49: GANADOR LLAVE C | E49: =+'CUARTOS DE FINAL.'!H16 -> 0 | F49: =+'CUARTOS DE FINAL.'!J16 -> 0 | G49: GANADOR LLAVE D | H49: =+DEFINICION!C12 -> LLAVE B
B51: =+FINAL!B7 -> Partido por el TERCER PUESTO
B52: CANCHA | C52: HORA | D52: EQUIPO | E52: MARCADOR | G52: EQUIPO
A53: =+DEFINICION!B14 -> 0 | B53: =+FINAL!O9 -> CANCHA 2 | C53: =+DEFINICION!D14 -> 0 | D53: PERDEDOR LLAVE 1 | E53: =+'CUARTOS DE FINAL.'!H18 -> 0 | F53: =+'CUARTOS DE FINAL.'!J18 -> 0 | G53: PERDEDOR LLAVE 2
B55: =+FINAL!B13 -> FINAL DEL CAMPEONATO
B56: CANCHA | C56: HORA | D56: EQUIPO | E56: MARCADOR | G56: EQUIPO
B57: =+FINAL!O15 -> CANCHA 2 | C57: =+DEFINICION!C4 -> 0 | D57: GANADOR LLAVE 1 | E57: =+'CUARTOS DE FINAL.'!H21 -> 0 | F57: =+'CUARTOS DE FINAL.'!J21 -> 0 | G57: GANADOR LLAVE 2

Sheet Hoja2 (4)
A1: =+'PRE BABY GRUPOS'!B1:I1 -> #VALUE!
A2: =+'PRE BABY GRUPOS'!B2:I2 -> #VALUE!
A3: =+'PRE BABY GRUPOS'!#REF! -> #REF!
A4: =+'PRE BABY GRUPOS'!C3 -> NACIDOS 2012 2013
A5: CALENDARIO OFICIAL
B6: =+IMPRIMIR!A14 -> PARTIDOS fecha 1 | J6: =+'GRUPO A'!B4 -> GRUPO A | K6: =+'GRUPO A'!Q20 -> 0 | L6: =+'GRUPO A'!R20 -> 0 | M6: =+'GRUPO A'!S20 -> 0 | N6: =+'GRUPO A'!T20 -> 0 | O6: =+'GRUPO A'!U20 -> 0 | P6: =+'GRUPO A'!V20 -> 0 | Q6: =+'GRUPO A'!W20 -> 0 | R6: =+'GRUPO A'!X20 -> 0 | S6: =+'GRUPO A'!Y20 -> 0
B7: CANCHA | C7: HORA | D7: EQUIPO | E7: MARCADOR | G7: EQUIPO | H7: GRUPO | J7: =+'GRUPO A'!P22 -> 0 | K7: =+'GRUPO A'!Q22 -> 0 | L7: =+'GRUPO A'!R22 -> 0 | M7: =+'GRUPO A'!S22 -> 0 | N7: =+'GRUPO A'!T22 -> 0 | O7: =+'GRUPO A'!U22 -> 0 | P7: =+'GRUPO A'!V22 -> 0 | Q7: =+'GRUPO A'!W22 -> 0 | ... S7: =+'GRUPO A'!Y22 -> 0
A8: =+'GRUPO A'!B20 -> 42966 | B8: =+'GRUPO A'!M20 -> CANCHA 1 A | C8: =+'GRUPO A'!C20 -> 11:45. a.m. | D8: =+'GRUPO A'!E20 -> 0 | E8: =+'GRUPO A'!G20 -> 0 | F8: =+'GRUPO A'!I20 -> 0 | G8: =+'GRUPO A'!K20 -> 0 | H8: =+'GRUPO A'!B4 -> GRUPO A | J8: =+'GRUPO A'!P24 -> 0 | K8: =+'GRUPO A'!Q24 -> 0 | L8: =+'GRUPO A'!R24 -> 0 | M8: =+'GRUPO A'!S24 -> 0 | N8: =+'GRUPO A'!T24 -> 0 | O8: =+'GRUPO A'!U24 -> 0 | P8: =+'GRUPO A'!V24 -> 0 | Q8: =+'GRUPO A'!W24 -> 0 | ... S8: =+'GRUPO A'!Y24 -> 0
B9: =+'GRUPO A'!M23 -> CANCHA 1 B | C9: =+'GRUPO A'!C23 -> 11:45. a.m. | D9: =+'GRUPO A'!E23 -> 0 | E9: =+'GRUPO A'!G23 -> 0 | F9: =+'GRUPO A'!I23 -> 0 | G9: =+'GRUPO A'!K23 -> 0 | H9: =+'GRUPO A'!B4 -> GRUPO A | J9: =+'GRUPO A'!P26 -> 0 | K9: =+'GRUPO A'!Q26 -> 0 | L9: =+'GRUPO A'!R26 -> 0 | M9: =+'GRUPO A'!S26 -> 0 | N9: =+'GRUPO A'!T26 -> 0 | O9: =+'GRUPO A'!U26 -> 0 | P9: =+'GRUPO A'!V26 -> 0 | Q9: =+'GRUPO A'!W26 -> 0 | ... S9: =+'GRUPO A'!Y26 -> 0
B10: =+'GRUPO B'!M20 -> CANCHA 1 C | C10: =+'GRUPO B'!C20 -> 11:45. a.m. | D10: =+'GRUPO B'!E20 -> 0 | E10: =+'GRUPO B'!G20 -> 0 | F10: =+'GRUPO B'!I20 -> 0 | G10: =+'GRUPO B'!K20 -> 0 | H10: =+'GRUPO B'!B4 -> GRUPO B | J10: =+'GRUPO A'!P28 -> 0 | K10: =+'GRUPO A'!Q28 -> 0 | L10: =+'GRUPO A'!R28 -> 0 | M10: =+'GRUPO A'!S28 -> 0 | N10: =+'GRUPO A'!T28 -> 0 | O10: =+'GRUPO A'!U28 -> 0 | P10: =+'GRUPO A'!V28 -> 0 | Q10: =+'GRUPO A'!W28 -> 0 | ... S10: =+'GRUPO A'!Y28 -> 0
B11: =+'GRUPO B'!M23 -> CANCHA 1 A | C11: =+'GRUPO B'!C23 -> 04:40. a.m. | D11: =+'GRUPO B'!E23 -> 0 | E11: =+'GRUPO B'!G23 -> 0 | F11: =+'GRUPO B'!I23 -> 0 | G11: =+'GRUPO B'!K23 -> 0 | H11: =+'GRUPO B'!B4 -> GRUPO B
B12: =+'GRUPO C'!M20 -> CANCHA 1 B | C12: =+'GRUPO C'!C20 -> 11:45. a.m. | D12: =+'GRUPO C'!E20 -> 0 | E12: =+'GRUPO C'!G20 -> 0 | F12: =+'GRUPO C'!I20 -> 0 | G12: =+'GRUPO C'!K20 -> 0 | H12: =+'GRUPO C'!B4 -> GRUPO C | J12: =+'GRUPO B'!B4 -> GRUPO B | K12: =+'GRUPO B'!Q8 -> Pts. | L12: =+'GRUPO B'!R8 -> PJ | M12: =+'GRUPO B'!S8 -> Gan. | N12: =+'GRUPO B'!T8 -> Emp. | O12: =+'GRUPO B'!U8 -> Per. | P12: =+'GRUPO B'!V8 -> GF | Q12: =+'GRUPO B'!W8 -> GC | R12: =+'GRUPO B'!X8 -> Dif. | S12: =+'GRUPO B'!Y8 -> Tj
B13: =+'GRUPO C'!M23 -> CANCHA 1 C | C13: =+'GRUPO C'!C23 -> 12:40. p.m. | D13: =+'GRUPO C'!E23 -> 0 | E13: =+'GRUPO C'!G20 -> 0 | F13: =+'GRUPO C'!I23 -> 0 | G13: =+'GRUPO C'!K20 -> 0 | H13: =+'GRUPO C'!B4 -> GRUPO C | J13: =+'GRUPO B'!P10 -> 1) CLUB ARIEL ARMEL | K13: =+'GRUPO B'!Q10 -> 4 | L13: =+'GRUPO B'!R10 -> 3 | M13: =+'GRUPO B'!S10 -> 1 | N13: =+'GRUPO B'!T10 -> 1 | O13: =+'GRUPO B'!U10 -> 1 | P13: =+'GRUPO B'!V10 -> 7 | Q13: =+'GRUPO B'!W10 -> 4 | ... S13: =+'GRUPO B'!Y10 -> 0
B14: =+'GRUPO D'!M20 -> CANCHA 1 A | C14: =+'GRUPO D'!C20 -> 04:40. a.m. | D14: =+'GRUPO D'!E20 -> 0 | E14: =+'GRUPO D'!G20 -> 0 | F14: =+'GRUPO D'!I20 -> 0 | G14: =+'GRUPO D'!K20 -> 0 | H14: =+'GRUPO D'!B4 -> GRUPO D | J14: =+'GRUPO B'!P12 -> 2) CENTAUROS DEL ARIARI | K14: =+'GRUPO B'!Q12 -> 3 | L14: =+'GRUPO B'!R12 -> 3 | M14: =+'GRUPO B'!S12 -> 1 | N14: =+'GRUPO B'!T12 -> 0 | O14: =+'GRUPO B'!U12 -> 2 | P14: =+'GRUPO B'!V12 -> 4 | Q14: =+'GRUPO B'!W12 -> 5 | ... S14: =+'GRUPO B'!Y12 -> 0
B15: =+'GRUPO D'!M23 -> CANCHA 1 B | C15: =+'GRUPO D'!C23 -> 04:40. p.m. | D15: =+'GRUPO D'!E23 -> 0 | E15: =+'GRUPO D'!G23 -> 0 | F15: =+'GRUPO D'!I23 -> 0 | G15: =+'GRUPO D'!K23 -> 0 | H15: =+'GRUPO D'!B4 -> GRUPO D | J15: =+'GRUPO B'!P14 -> 3) COLEGIO PRINCIPADO DE MONACO | K15: =+'GRUPO B'!Q14 -> 1 | L15: =+'GRUPO B'!R14 -> 3 | M15: =+'GRUPO B'!S14 -> 0 | N15: =+'GRUPO B'!T14 -> 1 | O15: =+'GRUPO B'!U14 -> 2 | P15: =+'GRUPO B'!V14 -> 7 | Q15: =+'GRUPO B'!W14 -> 12 | ... S15: =+'GRUPO B'!Y14 -> 0
B17: =+'IMPRIMIR 2'!A14 -> PARTIDOS fecha 2 | J17: =+'GRUPO B'!P16 -> 0 | K17: =+'GRUPO B'!Q16 -> 0 | L17: =+'GRUPO B'!R16 -> 0 | M17: =+'GRUPO B'!S16 -> 0 | N17: =+'GRUPO B'!T16 -> 0 | O17: =+'GRUPO B'!U16 -> 0 | P17: =+'GRUPO B'!V16 -> 0 | Q17: =+'GRUPO B'!W16 -> 0 | ... S17: =+'GRUPO B'!Y16 -> 0
B18: CANCHA | C18: HORA | D18: EQUIPO | E18: MARCADOR | G18: EQUIPO | H18: GRUPO
A19: =+'GRUPO A'!B26 -> 42966 | B19: =+'GRUPO A'!M26 -> CANCHA 1 C | C19: =+'GRUPO A'!C26 -> 12:40. p.m. | D19: =+'GRUPO A'!E26 -> 0 | E19: =+'GRUPO A'!G26 -> 0 | F19: =+'GRUPO A'!I26 -> 0 | G19: =+'GRUPO A'!K26 -> 0 | H19: =+'GRUPO A'!B4 -> GRUPO A | J19: =+'GRUPO C'!B4 -> GRUPO C | K19: =+'GRUPO C'!Q8 -> Pts. | L19: =+'GRUPO C'!R8 -> PJ | M19: =+'GRUPO C'!S8 -> Gan. | N19: =+'GRUPO C'!T8 -> Emp. | O19: =+'GRUPO C'!U8 -> Per. | P19: =+'GRUPO C'!V8 -> GF | Q19: =+'GRUPO C'!W8 -> GC | R19: =+'GRUPO C'!X8 -> Dif. | S19: =+'GRUPO C'!Y8 -> Tj
B20: =+'GRUPO A'!M29 -> CANCHA 1 C | C20: =+'GRUPO A'!C29 -> 12:50. p.m. | D20: =+'GRUPO A'!E29 -> COLEGIO NEIL ARMSTRONG | E20: =+'GRUPO A'!G29 -> 4 | F20: =+'GRUPO A'!I29 -> 1 | G20: =+'GRUPO A'!K29 -> CLUB CAMPESTRE IBAGUE UNO | H20: =+'GRUPO A'!B4 -> GRUPO A | J20: =+'GRUPO C'!P10 -> 1) GRAMA F. C. | K20: =+'GRUPO C'!Q10 -> 6 | L20: =+'GRUPO C'!R10 -> 3 | M20: =+'GRUPO C'!S10 -> 2 | N20: =+'GRUPO C'!T10 -> 0 | O20: =+'GRUPO C'!U10 -> 1 | P20: =+'GRUPO C'!V10 -> 8 | Q20: =+'GRUPO C'!W10 -> 6 | ... S20: =+'GRUPO C'!Y10 -> 0
B21: =+'GRUPO B'!M26 -> CANCHA 1 B | C21: =+'GRUPO B'!C26 -> 04:40. p.m. | D21: =+'GRUPO B'!E26 -> 0 | E21: =+'GRUPO B'!G26 -> 0 | F21: =+'GRUPO B'!I26 -> 0 | G21: =+'GRUPO B'!K26 -> 0 | H21: =+'GRUPO B'!B4 -> GRUPO B | J21: =+'GRUPO C'!P12 -> 2) ESCUELA DE FORMACIÓN DEPORTIVA MARACANA | K21: =+'GRUPO C'!Q12 -> 4 | L21: =+'GRUPO C'!R12 -> 3 | M21: =+'GRUPO C'!S12 -> 1 | N21: =+'GRUPO C'!T12 -> 1 | O21: =+'GRUPO C'!U12 -> 1 | P21: =+'GRUPO C'!V12 -> 17 | Q21: =+'GRUPO C'!W12 -> 5 | ... S21: =+'GRUPO C'!Y12 -> 0
B22: =+'GRUPO B'!M29 -> CANCHA 1 A | C22: =+'GRUPO B'!C29 -> 10:50. a.m. | D22: =+'GRUPO B'!E29 -> COLEGIO PRINCIPADO DE MONACO | E22: =+'GRUPO B'!G29 -> 1 | F22: =+'GRUPO B'!I29 -> 4 | G22: =+'GRUPO B'!K29 -> CENTAUROS DEL ARIARI | H22: =+'GRUPO B'!B4 -> GRUPO B | J22: =+'GRUPO C'!P14 -> 3) NOVATOS F. C. | K22: =+'GRUPO C'!Q14 -> 0 | L22: =+'GRUPO C'!R14 -> 3 | M22: =+'GRUPO C'!S14 -> 0 | N22: =+'GRUPO C'!T14 -> 0 | O22: =+'GRUPO C'!U14 -> 3 | P22: =+'GRUPO C'!V14 -> 1 | Q22: =+'GRUPO C'!W14 -> 21 | ... S22: =+'GRUPO C'!Y14 -> 0
B23: =+'GRUPO C'!M26 -> CANCHA 1 C | C23: =+'GRUPO C'!C26 -> 03:50. p.m. | D23: =+'GRUPO C'!E26 -> GRAMA F. C. | E23: =+'GRUPO C'!G26 -> 5 | F23: =+'GRUPO C'!I26 -> 1 | G23: =+'GRUPO C'!K26 -> NOVATOS F. C. | H23: =+'GRUPO C'!B4 -> GRUPO C | J23: =+'GRUPO C'!P16 -> 0 | K23: =+'GRUPO C'!Q16 -> 0 | L23: =+'GRUPO C'!R16 -> 0 | M23: =+'GRUPO C'!S16 -> 0 | N23: =+'GRUPO C'!T16 -> 0 | O23: =+'GRUPO C'!U16 -> 0 | P23: =+'GRUPO C'!V16 -> 0 | Q23: =+'GRUPO C'!W16 -> 0 | ... S23: =+'GRUPO C'!Y16 -> 0
B24: =+'GRUPO C'!M29 -> CANCHA 1 A | C24: =+'GRUPO C'!C29 -> 12:50. p.m. | D24: =+'GRUPO C'!E29 -> GRAMA F. C. | E24: =+'GRUPO C'!G29 -> 2 | F24: =+'GRUPO C'!I29 -> 1 | G24: =+'GRUPO C'!K29 -> ESCUELA DE FORMACIÓN DEPORTIVA MARACANA | H24: =+'GRUPO C'!B4 -> GRUPO C
B25: =+'GRUPO D'!M26 -> CANCHA 1 B | C25: =+'GRUPO D'!C26 -> 09:50. a.m. | D25: =+'GRUPO D'!E26 -> ESCUELA DEPORTIVA DE FÚTBOL RAQUIRA | E25: =+'GRUPO D'!G26 -> 2 | F25: =+'GRUPO D'!I26 -> 5 | G25: =+'GRUPO D'!K26 -> CLUB CAMPESTRE IBAGUE DOS | H25: =+'GRUPO D'!B4 -> GRUPO D | J25: =+'GRUPO D'!B4 -> GRUPO D | K25: =+'GRUPO D'!Q8 -> Pts. | L25: =+'GRUPO D'!R8 -> PJ | M25: =+'GRUPO D'!S8 -> Gan. | N25: =+'GRUPO D'!T8 -> Emp. | O25: =+'GRUPO D'!U8 -> Per. | P25: =+'GRUPO D'!V8 -> GF | Q25: =+'GRUPO D'!W8 -> GC | R25: =+'GRUPO D'!X8 -> Dif. | S25: =+'GRUPO D'!Y8 -> Tj
B26: =+'GRUPO D'!M29 -> CANCHA 1 A | C26: =+'GRUPO D'!C29 -> 11:55. a.m. | D26: =+'GRUPO D'!E29 -> ESCUELA DEPORTIVA DE FÚTBOL RAQUIRA | E26: =+'GRUPO D'!G29 -> 0 | F26: =+'GRUPO D'!I29 -> 12 | G26: =+'GRUPO D'!K29 -> CORDOBA Y SERRANO F. C. | H26: =+'GRUPO D'!B4 -> GRUPO D | J26: =+'GRUPO D'!P10 -> 1) CLUB CAMPESTRE IBAGUE DOS | K26: =+'GRUPO D'!Q10 -> 7 | L26: =+'GRUPO D'!R10 -> 3 | M26: =+'GRUPO D'!S10 -> 2 | N26: =+'GRUPO D'!T10 -> 1 | O26: =+'GRUPO D'!U10 -> 0 | P26: =+'GRUPO D'!V10 -> 12 | Q26: =+'GRUPO D'!W10 -> 9 | ... S26: =+'GRUPO D'!Y10 -> 0
B28: =+'IMPRIMIR 3'!A17 -> PARTIDOS fecha 3 ULTIMA | J28: =+'GRUPO D'!P12 -> 2) CORDOBA Y SERRANO F. C. | K28: =+'GRUPO D'!Q12 -> 5 | L28: =+'GRUPO D'!R12 -> 3 | M28: =+'GRUPO D'!S12 -> 1 | N28: =+'GRUPO D'!T12 -> 2 | O28: =+'GRUPO D'!U12 -> 0 | P28: =+'GRUPO D'!V12 -> 18 | Q28: =+'GRUPO D'!W12 -> 6 | ... S28: =+'GRUPO D'!Y12 -> 0
B29: CANCHA | C29: HORA | D29: EQUIPO | E29: MARCADOR | G29: EQUIPO | H29: GRUPO | J29: =+'GRUPO D'!P14 -> 3) ESCUELA DEPORTIVA DE FÚTBOL RAQUIRA | K29: =+'GRUPO D'!Q14 -> 3 | L29: =+'GRUPO D'!R14 -> 3 | M29: =+'GRUPO D'!S14 -> 1 | N29: =+'GRUPO D'!T14 -> 0 | O29: =+'GRUPO D'!U14 -> 2 | P29: =+'GRUPO D'!V14 -> 5 | Q29: =+'GRUPO D'!W14 -> 17 | ... S29: =+'GRUPO D'!Y14 -> 0
A30: =+'GRUPO A'!B32 -> 42967 | B30: =+'GRUPO A'!M32 -> CANCHA 1 A | C30: =+'GRUPO A'!C32 -> 09:50. a.m. | D30: =+'GRUPO A'!E32 -> CLUB LOS PAPETICOS | E30: =+'GRUPO A'!G32 -> 9 | F30: =+'GRUPO A'!I32 -> 2 | G30: =+'GRUPO A'!K32 -> CLUB CAMPESTRE IBAGUE UNO | H30: =+'GRUPO A'!B4 -> GRUPO A | J30: =+'GRUPO D'!P16 -> 0 | K30: =+'GRUPO D'!Q16 -> 0 | L30: =+'GRUPO D'!R16 -> 0 | M30: =+'GRUPO D'!S16 -> 0 | N30: =+'GRUPO D'!T16 -> 0 | O30: =+'GRUPO D'!U16 -> 0 | P30: =+'GRUPO D'!V16 -> 0 | Q30: =+'GRUPO D'!W16 -> 0 | ... S30: =+'GRUPO D'!Y16 -> 0
B31: =+'GRUPO A'!M35 -> 0 | C31: =+'GRUPO A'!C35 -> 0 | D31: =+'GRUPO A'!E35 -> 0 | E31: =+'GRUPO A'!G35 -> 0 | F31: =+'GRUPO A'!I35 -> 0 | G31: =+'GRUPO A'!K35 -> 0 | H31: =+'GRUPO A'!B4 -> GRUPO A
B32: =+'GRUPO B'!M32 -> CANCHA 1 A | C32: =+'GRUPO B'!C32 -> 04:30. p.m. | D32: =+'GRUPO B'!E32 -> CLUB ARIEL ARMEL | E32: =+'GRUPO B'!G32 -> 1 | F32: =+'GRUPO B'!I32 -> 0 | G32: =+'GRUPO B'!K32 -> CENTAUROS DEL ARIARI | H32: =+'GRUPO B'!B4 -> GRUPO B
B33: =+'GRUPO B'!M35 -> 0 | C33: =+'GRUPO B'!C35 -> 0 | D33: =+'GRUPO B'!E35 -> 0 | E33: =+'GRUPO B'!G35 -> 0 | F33: =+'GRUPO B'!I35 -> 0 | G33: =+'GRUPO B'!K35 -> 0 | H33: =+'GRUPO B'!B4 -> GRUPO B
B34: =+'GRUPO C'!M32 -> CANCHA 1 C | C34: =+'GRUPO C'!C32 -> 09:50. a.m. | D34: =+'GRUPO C'!E32 -> NOVATOS F. C. | E34: =+'GRUPO C'!G32 -> 0 | F34: =+'GRUPO C'!I32 -> 13 | G34: =+'GRUPO C'!K32 -> ESCUELA DE FORMACIÓN DEPORTIVA MARACANA | H34: =+'GRUPO C'!B4 -> GRUPO C
B35: =+'GRUPO C'!M35 -> 0 | C35: =+'GRUPO C'!C35 -> 0 | D35: =+'GRUPO C'!E35 -> 0 | E35: =+'GRUPO C'!G35 -> 0 | F35: =+'GRUPO C'!I35 -> 0 | G35: =+'GRUPO C'!K35 -> 0 | H35: =+'GRUPO C'!B4 -> GRUPO C
B36: =+'GRUPO D'!M32 -> CANCHA 1 A | C36: =+'GRUPO D'!C32 -> 12:40. p.m. | D36: =+'GRUPO D'!E32 -> CLUB CAMPESTRE IBAGUE DOS | E36: =+'GRUPO D'!G32 -> 3 | F36: =+'GRUPO D'!I32 -> 3 | G36: =+'GRUPO D'!K32 -> CORDOBA Y SERRANO F. C. | H36: =+'GRUPO D'!B4 -> GRUPO D
B37: =+'GRUPO D'!M35 -> 0 | C37: =+'GRUPO D'!C35 -> 0 | D37: =+'GRUPO D'!E35 -> 0 | E37: =+'GRUPO D'!G35 -> 0 | F37: =+'GRUPO D'!I35 -> 0 | G37: =+'GRUPO D'!K35 -> 0 | H37: =+'GRUPO D'!B4 -> GRUPO D
B39: =+'CUARTOS DE FINAL.'!B2 -> CUARTOS DE FINAL
B40: CANCHA | C40: HORA | D40: EQUIPO | E40: MARCADOR | G40: EQUIPO | H40: LLAVE
A41: =+'CUARTOS DE FINAL.'!B9 -> 42596 | B41: =+'CUARTOS DE FINAL.'!N6 -> PALMARA | C41: =+'CUARTOS DE FINAL.'!D6 -> 03:00. p.m. | D41: =+'CUARTOS DE FINAL.'!G6 -> #N/A | E41: =+'CUARTOS DE FINAL.'!H6 -> 1 | F41: =+'CUARTOS DE FINAL.'!J6 -> 2 | G41: =+'CUARTOS DE FINAL.'!L6 -> ESCUELA DE FORMACIÓN DEPORTIVA MARACANA | H41: =+'CUARTOS DE FINAL.'!C6 -> LLAVE A
B42: =+'CUARTOS DE FINAL.'!N9 -> CANCHA 2 | C42: =+'CUARTOS DE FINAL.'!D9 -> 04:20. p.m. | D42: =+'CUARTOS DE FINAL.'!G9 -> CLUB ARIEL ARMEL | E42: =+'CUARTOS DE FINAL.'!H9 -> 2 | F42: =+'CUARTOS DE FINAL.'!J9 -> 1 | G42: =+'CUARTOS DE FINAL.'!L9 -> CORDOBA Y SERRANO F. C. | H42: =+'CUARTOS DE FINAL.'!C9 -> LLAVE B
B43: =+'CUARTOS DE FINAL.'!N12 -> CANCHA 2 | C43: =+'CUARTOS DE FINAL.'!D12 -> 03:00. p.m. | D43: =+'CUARTOS DE FINAL.'!G12 -> GRAMA F. C. | E43: =+'CUARTOS DE FINAL.'!H12 -> 1 | F43: =+'CUARTOS DE FINAL.'!J12 -> 2 | G43: =+'CUARTOS DE FINAL.'!L12 -> #N/A | H43: =+'CUARTOS DE FINAL.'!C12 -> LLAVE C
B44: =+'CUARTOS DE FINAL.'!N15 -> PALMARA | C44: =+'CUARTOS DE FINAL.'!D15 -> 04:20. p.m. | D44: =+'CUARTOS DE FINAL.'!G15 -> CLUB CAMPESTRE IBAGUE DOS | E44: =+'CUARTOS DE FINAL.'!H15 -> 2 | F44: =+'CUARTOS DE FINAL.'!J15 -> 1 | G44: =+'CUARTOS DE FINAL.'!L15 -> CENTAUROS DEL ARIARI | H44: =+'CUARTOS DE FINAL.'!C15 -> LLAVE D
B46: =+DEFINICION!B5 -> SEMIFINALES
B47: CANCHA | C47: HORA | D47: EQUIPO | E47: MARCADOR | G47: EQUIPO | H47: LLAVE
A48: =+DEFINICION!B9 -> 43090 | B48: =+DEFINICION!O9 -> CANCHA 2 | C48: =+DEFINICION!D9 -> 08:20 a.m. | D48: =+'CUARTOS DE FINAL.'!P6 -> ESCUELA DE FORMACIÓN DEPORTIVA MARACANA | E48: =+DEFINICION!I9 -> 5 | F48: =+DEFINICION!K9 -> 4 | G48: =+'CUARTOS DE FINAL.'!P12 -> #N/A | H48: =+DEFINICION!C9 -> LLAVE A
B49: =+DEFINICION!O12 -> CANCHA 2 | C49: =+DEFINICION!D12 -> 09:30 a.m. | D49: =+'CUARTOS DE FINAL.'!P9 -> CLUB ARIEL ARMEL | E49: =+DEFINICION!I12 -> 3 | F49: =+DEFINICION!K12 -> 0 | G49: =+'CUARTOS DE FINAL.'!P15 -> CLUB CAMPESTRE IBAGUE DOS | H49: =+DEFINICION!C12 -> LLAVE B
B51: =+FINAL!B7 -> Partido por el TERCER PUESTO
B52: CANCHA | C52: HORA | D52: EQUIPO | E52: MARCADOR | G52: EQUIPO
A53: =+FINAL!B9 -> 43090 | B53: =+FINAL!O9 -> CANCHA 2 | C53: =+DEFINICION!D14 -> 0 | D53: =+FINAL!H9 -> CLUB CAMPESTRE IBAGUE DOS | E53: =+FINAL!I9 -> 0 | F53: =+FINAL!K9 -> 0 | G53: =+FINAL!M9 -> GRAMA F. C.
B55: =+FINAL!B13 -> FINAL DEL CAMPEONATO
B56: CANCHA | C56: HORA | D56: EQUIPO | E56: MARCADOR | G56: EQUIPO
A57: =+FINAL!B15 -> 43090 | B57: =+FINAL!O15 -> CANCHA 2 | C57: =+DEFINICION!C4 -> 0 | D57: =+FINAL!H15 -> #N/A | E57: =+FINAL!I15 -> 0 | F57: =+FINAL!K15 -> 0 | G57: =+FINAL!M15 -> CLUB ARIEL ARMEL
B59: =+FINAL!C19 -> CAMPEÓN “COPA FUTURO TALENTO”
B60: =+FINAL!C21
B64: =+FINAL!Q13 -> SEGUNDO PUESTO
B65: =+FINAL!Q14
B69: =+FINAL!Q7 -> TERCER PUESTO
B70: =+FINAL!Q8

Sheet IMPRIMIR HOJA 1
A1: =+'PRE BABY GRUPOS'!C1 -> XVIII Festival Nacional Fútbol Infantil
A2: =+'PRE BABY GRUPOS'!C2 -> “COPA SOCCER MELGAR”
A3: =+'PRE BABY GRUPOS'!C3 -> NACIDOS 2012 2013
A4: =+'PRE BABY GRUPOS'!C4 -> SEPTIEMBRE 28 Y 29 DEL 2024
A6: CALENDARIO OFICIAL
B7: PARTIDOS FECHA 1 | K7: =+'GRUPO A'!B4 -> GRUPO A | L7: =+'GRUPO A'!Q8 -> Pts. | M7: =+'GRUPO A'!R8 -> PJ | N7: =+'GRUPO A'!S8 -> Gan. | O7: =+'GRUPO A'!T8 -> Emp. | P7: =+'GRUPO A'!U8 -> Per. | Q7: =+'GRUPO A'!V8 -> GF | R7: =+'GRUPO A'!W8 -> GC | S7: =+'GRUPO A'!X8 -> Dif. | T7: =+'GRUPO A'!Y8 -> Tj
B8: CANCHA | C8: HORA | D8: EQUIPO | E8: MARCADOR | G8: EQUIPO | H8: GRUPO | I8: CATEGORIA | K8: =+'GRUPO A'!P10 -> 1) CLUB LOS PAPETICOS | L8: =+'GRUPO A'!Q10 -> 7 | M8: =+'GRUPO A'!R10 -> 3 | N8: =+'GRUPO A'!S10 -> 2 | O8: =+'GRUPO A'!T10 -> 1 | P8: =+'GRUPO A'!U10 -> 0 | Q8: =+'GRUPO A'!V10 -> 10 | R8: =+'GRUPO A'!W10 -> 5 | ... T8: =+'GRUPO A'!Y10 -> 0
A9: 45563 | B9: ESTADIO MUNICIPAL CANCHA 1 A (SINTETICO) | C9: 0.35416667 | D9: =+'GRUPO B'!E17 -> COLEGIO PRINCIPADO DE MONACO | E9: =+'GRUPO B'!G17 -> 4 | F9: =+'GRUPO B'!I17 -> 4 | G9: =+'GRUPO B'!K17 -> CLUB ARIEL ARMEL | H9: =+'GRUPO B'!B4 -> GRUPO B | I9: =+$A$3 -> NACIDOS 2012 2013 | K9: =+'GRUPO A'!P12 -> 2) COLEGIO NEIL ARMSTRONG | L9: =+'GRUPO A'!Q12 -> 7 | M9: =+'GRUPO A'!R12 -> 3 | N9: =+'GRUPO A'!S12 -> 2 | O9: =+'GRUPO A'!T12 -> 1 | P9: =+'GRUPO A'!U12 -> 0 | Q9: =+'GRUPO A'!V12 -> 9 | R9: =+'GRUPO A'!W12 -> 4 | ... T9: =+'GRUPO A'!Y12 -> 0
A10: 45563 | B10: ESTADIO MUNICIPAL CANCHA 1 B (SINTETICO) | C10: 0.35416667 | D10: =+'GRUPO A'!E14 -> CLUB CAMPESTRE IBAGUE UNO | E10: =+'GRUPO A'!G14 -> 3 | F10: =+'GRUPO A'!I14 -> 0 | G10: =+'GRUPO A'!K14 -> CENTAUROS DEL ARIARI | H10: INTERGRUPO | I10: =+$A$3 -> NACIDOS 2012 2013 | K10: =+'GRUPO A'!P14 -> 3) CLUB CAMPESTRE IBAGUE UNO | L10: =+'GRUPO A'!Q14 -> 3 | M10: =+'GRUPO A'!R14 -> 3 | N10: =+'GRUPO A'!S14 -> 1 | O10: =+'GRUPO A'!T14 -> 0 | P10: =+'GRUPO A'!U14 -> 2 | Q10: =+'GRUPO A'!V14 -> 3 | R10: =+'GRUPO A'!W14 -> 13 | ... T10: =+'GRUPO A'!Y14 -> 0
A11: 45563 | B11: ESTADIO MUNICIPAL CANCHA 1 A (SINTETICO) | C11: 0.40277778 | D11: =+'GRUPO A'!E17 -> COLEGIO NEIL ARMSTRONG | E11: =+'GRUPO A'!G17 -> 1 | F11: =+'GRUPO A'!I17 -> 1 | G11: =+'GRUPO A'!K17 -> CLUB LOS PAPETICOS | H11: =+'GRUPO A'!B4 -> GRUPO A | I11: =+$A$3 -> NACIDOS 2012 2013
A12: 45563 | B12: ESTADIO MUNICIPAL CANCHA 1 B (SINTETICO) | C12: 0.40277778 | D12: =+'GRUPO C'!E26 -> GRAMA F. C. | E12: =+'GRUPO C'!G26 -> 5 | F12: =+'GRUPO C'!I26 -> 1 | G12: =+'GRUPO C'!K26 -> NOVATOS F. C. | H12: =+'GRUPO C'!B4 -> GRUPO C | I12: =+$A$3 -> NACIDOS 2012 2013 | K12: =+'GRUPO B'!B4 -> GRUPO B | L12: =+'GRUPO B'!Q8 -> Pts. | M12: =+'GRUPO B'!R8 -> PJ | N12: =+'GRUPO B'!S8 -> Gan. | O12: =+'GRUPO B'!T8 -> Emp. | P12: =+'GRUPO B'!U8 -> Per. | Q12: =+'GRUPO B'!V8 -> GF | R12: =+'GRUPO B'!W8 -> GC | S12: =+'GRUPO B'!X8 -> Dif. | T12: =+'GRUPO B'!Y8 -> Tj
A13: 45563 | B13: ESTADIO MUNICIPAL CANCHA 1 A (SINTETICO) | C13: 0.45138889 | D13: =+'GRUPO C'!E14 -> ESCUELA DE FORMACIÓN DEPORTIVA MARACANA | E13: =+'GRUPO C'!G14 -> 3 | F13: =+'GRUPO C'!I14 -> 3 | G13: =+'GRUPO C'!K14 -> CORDOBA Y SERRANO F. C. | H13: INTERGRUPO | I13: =+$A$3 -> NACIDOS 2012 2013 | K13: =+'GRUPO B'!P10 -> 1) CLUB ARIEL ARMEL | L13: =+'GRUPO B'!Q10 -> 4 | M13: =+'GRUPO B'!R10 -> 3 | N13: =+'GRUPO B'!S10 -> 1 | O13: =+'GRUPO B'!T10 -> 1 | P13: =+'GRUPO B'!U10 -> 1 | Q13: =+'GRUPO B'!V10 -> 7 | R13: =+'GRUPO B'!W10 -> 4 | ... T13: =+'GRUPO B'!Y10 -> 0
A14: 45563 | B14: ESTADIO MUNICIPAL CANCHA 1 B (SINTETICO) | C14: 0.45138889 | D14: =+'GRUPO D'!E26 -> ESCUELA DEPORTIVA DE FÚTBOL RAQUIRA | E14: =+'GRUPO D'!G26 -> 2 | F14: =+'GRUPO D'!I26 -> 5 | G14: =+'GRUPO D'!K26 -> CLUB CAMPESTRE IBAGUE DOS | H14: =+'GRUPO D'!B4 -> GRUPO D | I14: =+$A$3 -> NACIDOS 2012 2013 | K14: =+'GRUPO B'!P12 -> 2) CENTAUROS DEL ARIARI | L14: =+'GRUPO B'!Q12 -> 3 | M14: =+'GRUPO B'!R12 -> 3 | N14: =+'GRUPO B'!S12 -> 1 | O14: =+'GRUPO B'!T12 -> 0 | P14: =+'GRUPO B'!U12 -> 2 | Q14: =+'GRUPO B'!V12 -> 4 | R14: =+'GRUPO B'!W12 -> 5 | ... T14: =+'GRUPO B'!Y12 -> 0
K15: =+'GRUPO B'!P14 -> 3) COLEGIO PRINCIPADO DE MONACO | L15: =+'GRUPO B'!Q14 -> 1 | M15: =+'GRUPO B'!R14 -> 3 | N15: =+'GRUPO B'!S14 -> 0 | O15: =+'GRUPO B'!T14 -> 1 | P15: =+'GRUPO B'!U14 -> 2 | Q15: =+'GRUPO B'!V14 -> 7 | R15: =+'GRUPO B'!W14 -> 12 | ... T15: =+'GRUPO B'!Y14 -> 0
B16: PARTIDOS FECHA 2
B17: CANCHA | C17: HORA | D17: EQUIPO | E17: MARCADOR | G17: EQUIPO | H17: GRUPO | I17: CATEGORIA | K17: =+'GRUPO C'!B4 -> GRUPO C | L17: =+'GRUPO C'!Q8 -> Pts. | M17: =+'GRUPO C'!R8 -> PJ | N17: =+'GRUPO C'!S8 -> Gan. | O17: =+'GRUPO C'!T8 -> Emp. | P17: =+'GRUPO C'!U8 -> Per. | Q17: =+'GRUPO C'!V8 -> GF | R17: =+'GRUPO C'!W8 -> GC | S17: =+'GRUPO C'!X8 -> Dif. | T17: =+'GRUPO C'!Y8 -> Tj
A18: 45563 | B18: ESTADIO MUNICIPAL CANCHA 1 A (SINTETICO) | C18: 0.59722222 | D18: =+'GRUPO B'!E29 -> COLEGIO PRINCIPADO DE MONACO | E18: =+'GRUPO B'!G29 -> 1 | F18: =+'GRUPO B'!I29 -> 4 | G18: =+'GRUPO B'!K29 -> CENTAUROS DEL ARIARI | H18: =+'GRUPO B'!B4 -> GRUPO B | I18: =+$A$3 -> NACIDOS 2012 2013 | K18: =+'GRUPO C'!P10 -> 1) GRAMA F. C. | L18: =+'GRUPO C'!Q10 -> 6 | M18: =+'GRUPO C'!R10 -> 3 | N18: =+'GRUPO C'!S10 -> 2 | O18: =+'GRUPO C'!T10 -> 0 | P18: =+'GRUPO C'!U10 -> 1 | Q18: =+'GRUPO C'!V10 -> 8 | R18: =+'GRUPO C'!W10 -> 6 | ... T18: =+'GRUPO C'!Y10 -> 0
A19: 45563 | B19: ESTADIO MUNICIPAL CANCHA 1 B (SINTETICO) | C19: 0.59722222 | D19: =+'GRUPO A'!E11 -> CLUB LOS PAPETICOS | E19: =+'GRUPO A'!G11 -> 3 | F19: =+'GRUPO A'!I11 -> 2 | G19: =+'GRUPO A'!K11 -> CLUB ARIEL ARMEL | H19: INTERGRUPO | I19: =+$A$3 -> NACIDOS 2012 2013 | K19: =+'GRUPO C'!P12 -> 2) ESCUELA DE FORMACIÓN DEPORTIVA MARACANA | L19: =+'GRUPO C'!Q12 -> 4 | M19: =+'GRUPO C'!R12 -> 3 | N19: =+'GRUPO C'!S12 -> 1 | O19: =+'GRUPO C'!T12 -> 1 | P19: =+'GRUPO C'!U12 -> 1 | Q19: =+'GRUPO C'!V12 -> 17 | R19: =+'GRUPO C'!W12 -> 5 | ... T19: =+'GRUPO C'!Y12 -> 0
A20: 45563 | B20: ESTADIO MUNICIPAL CANCHA 1 A (SINTETICO) | C20: 0.65277778 | D20: =+'GRUPO A'!E29 -> COLEGIO NEIL ARMSTRONG | E20: =+'GRUPO A'!G29 -> 4 | F20: =+'GRUPO A'!I29 -> 1 | G20: =+'GRUPO A'!K29 -> CLUB CAMPESTRE IBAGUE UNO | H20: =+'GRUPO A'!B4 -> GRUPO A | I20: =+$A$3 -> NACIDOS 2012 2013 | K20: =+'GRUPO C'!P14 -> 3) NOVATOS F. C. | L20: =+'GRUPO C'!Q14 -> 0 | M20: =+'GRUPO C'!R14 -> 3 | N20: =+'GRUPO C'!S14 -> 0 | O20: =+'GRUPO C'!T14 -> 0 | P20: =+'GRUPO C'!U14 -> 3 | Q20: =+'GRUPO C'!V14 -> 1 | R20: =+'GRUPO C'!W14 -> 21 | ... T20: =+'GRUPO C'!Y14 -> 0
A21: 45563 | B21: ESTADIO MUNICIPAL CANCHA 1 B (SINTETICO) | C21: 0.65277778 | D21: =+'GRUPO C'!E29 -> GRAMA F. C. | E21: =+'GRUPO C'!G29 -> 2 | F21: =+'GRUPO C'!I29 -> 1 | G21: =+'GRUPO C'!K29 -> ESCUELA DE FORMACIÓN DEPORTIVA MARACANA | H21: =+'GRUPO C'!B4 -> GRUPO C | I21: =+$A$3 -> NACIDOS 2012 2013
A22: 45563 | B22: ESTADIO MUNICIPAL CANCHA 1 A (SINTETICO) | C22: 0.70138889 | D22: =+'GRUPO D'!E32 -> CLUB CAMPESTRE IBAGUE DOS | E22: =+'GRUPO D'!G32 -> 3 | F22: =+'GRUPO D'!I32 -> 3 | G22: =+'GRUPO D'!K32 -> CORDOBA Y SERRANO F. C. | H22: =+'GRUPO D'!B4 -> GRUPO D | I22: =+$A$3 -> NACIDOS 2012 2013 | K22: =+'GRUPO D'!B4 -> GRUPO D | L22: =+'GRUPO D'!Q8 -> Pts. | M22: =+'GRUPO D'!R8 -> PJ | N22: =+'GRUPO D'!S8 -> Gan. | O22: =+'GRUPO D'!T8 -> Emp. | P22: =+'GRUPO D'!U8 -> Per. | Q22: =+'GRUPO D'!V8 -> GF | R22: =+'GRUPO D'!W8 -> GC | S22: =+'GRUPO D'!X8 -> Dif. | T22: =+'GRUPO D'!Y8 -> Tj
A23: 45563 | B23: ESTADIO MUNICIPAL CANCHA 1 B (SINTETICO) | C23: 0.70138889 | D23: =+'GRUPO C'!E11 -> NOVATOS F. C. | E23: =+'GRUPO C'!G11 -> 0 | F23: =+'GRUPO C'!I11 -> 3 | G23: =+'GRUPO C'!K11 -> ESCUELA DEPORTIVA DE FÚTBOL RAQUIRA | H23: INTERGRUPO | I23: =+$A$3 -> NACIDOS 2012 2013 | K23: =+'GRUPO D'!P10 -> 1) CLUB CAMPESTRE IBAGUE DOS | L23: =+'GRUPO D'!Q10 -> 7 | M23: =+'GRUPO D'!R10 -> 3 | N23: =+'GRUPO D'!S10 -> 2 | O23: =+'GRUPO D'!T10 -> 1 | P23: =+'GRUPO D'!U10 -> 0 | Q23: =+'GRUPO D'!V10 -> 12 | R23: =+'GRUPO D'!W10 -> 9 | ... T23: =+'GRUPO D'!Y10 -> 0
K24: =+'GRUPO D'!P12 -> 2) CORDOBA Y SERRANO F. C. | L24: =+'GRUPO D'!Q12 -> 5 | M24: =+'GRUPO D'!R12 -> 3 | N24: =+'GRUPO D'!S12 -> 1 | O24: =+'GRUPO D'!T12 -> 2 | P24: =+'GRUPO D'!U12 -> 0 | Q24: =+'GRUPO D'!V12 -> 18 | R24: =+'GRUPO D'!W12 -> 6 | ... T24: =+'GRUPO D'!Y12 -> 0
B25: PARTIDOS FECHA 3 | K25: =+'GRUPO D'!P14 -> 3) ESCUELA DEPORTIVA DE FÚTBOL RAQUIRA | L25: =+'GRUPO D'!Q14 -> 3 | M25: =+'GRUPO D'!R14 -> 3 | N25: =+'GRUPO D'!S14 -> 1 | O25: =+'GRUPO D'!T14 -> 0 | P25: =+'GRUPO D'!U14 -> 2 | Q25: =+'GRUPO D'!V14 -> 5 | R25: =+'GRUPO D'!W14 -> 17 | ... T25: =+'GRUPO D'!Y14 -> 0
B26: CANCHA | C26: HORA | D26: EQUIPO | E26: MARCADOR | G26: EQUIPO | H26: GRUPO | I26: CATEGORIA
A27: 45564 | B27: ESTADIO MUNICIPAL CANCHA 1 A (SINTETICO) | C27: 0.28472222 | D27: =+'GRUPO A'!E8 -> COLEGIO NEIL ARMSTRONG | E27: =+'GRUPO A'!G8 -> 4 | F27: =+'GRUPO A'!I8 -> 2 | G27: =+'GRUPO A'!K8 -> COLEGIO PRINCIPADO DE MONACO | H27: INTERGRUPO | I27: =+$A$3 -> NACIDOS 2012 2013
A28: 45564 | B28: ESTADIO MUNICIPAL CANCHA 1 B (SINTETICO) | C28: 0.28472222 | D28: =+'GRUPO D'!E29 -> ESCUELA DEPORTIVA DE FÚTBOL RAQUIRA | E28: =+'GRUPO D'!G29 -> 0 | F28: =+'GRUPO D'!I29 -> 12 | G28: =+'GRUPO D'!K29 -> CORDOBA Y SERRANO F. C. | H28: =+'GRUPO D'!B4 -> GRUPO D | I28: =+$A$3 -> NACIDOS 2012 2013
A29: 45564 | B29: CANCHA 1 B CLUB POLICIA | C29: 0.28472222 | D29: =+'GRUPO C'!E8 -> GRAMA F. C. | E29: =+'GRUPO C'!G8 -> 1 | F29: =+'GRUPO C'!I8 -> 4 | G29: =+'GRUPO C'!K8 -> CLUB CAMPESTRE IBAGUE DOS | H29: INTERGRUPO | I29: =+$A$3 -> NACIDOS 2012 2013
A30: 45564 | B30: CANCHA 1 A CLUB POLICIA | C30: 0.34027778 | D30: =+'GRUPO B'!E32 -> CLUB ARIEL ARMEL | E30: =+'GRUPO B'!G32 -> 1 | F30: =+'GRUPO B'!I32 -> 0 | G30: =+'GRUPO B'!K32 -> CENTAUROS DEL ARIARI | H30: =+'GRUPO B'!B4 -> GRUPO B | I30: =+$A$3 -> NACIDOS 2012 2013
A31: 45564 | B31: ESTADIO MUNICIPAL CANCHA 1 A (SINTETICO) | C31: 0.34027778 | D31: =+'GRUPO C'!E32 -> NOVATOS F. C. | E31: =+'GRUPO C'!G32 -> 0 | F31: =+'GRUPO C'!I32 -> 13 | G31: =+'GRUPO C'!K32 -> ESCUELA DE FORMACIÓN DEPORTIVA MARACANA | H31: =+'GRUPO C'!B4 -> GRUPO C | I31: =+$A$3 -> NACIDOS 2012 2013
A32: 45564 | B32: ESTADIO MUNICIPAL CANCHA 1 B (SINTETICO) | C32: 0.34027778 | D32: =+'GRUPO A'!E32 -> CLUB LOS PAPETICOS | E32: =+'GRUPO A'!G32 -> 9 | F32: =+'GRUPO A'!I32 -> 2 | G32: =+'GRUPO A'!K32 -> CLUB CAMPESTRE IBAGUE UNO | H32: =+'GRUPO A'!B4 -> GRUPO A | I32: =+$A$3 -> NACIDOS 2012 2013
B34: PARTIDOS FECHA 4
B35: CANCHA | C35: HORA | D35: EQUIPO | E35: MARCADOR | G35: EQUIPO | H35: GRUPO | I35: CATEGORIA
A36: 45564 | B36: ESTADIO MUNICIPAL CANCHA 1 A (SINTETICO) | C36: 0.50694444 | D36: =+K10 -> 3) CLUB CAMPESTRE IBAGUE UNO | E36: 0 | F36: 0 | G36: =+K20 -> 3) NOVATOS F. C. | H36: FINAL COPA BRONCE | I36: =+$A$3 -> NACIDOS 2012 2013
A37: 45564 | B37: ESTADIO MUNICIPAL CANCHA 1 B (SINTETICO) | C37: 0.50694444 | D37: =+K9 -> 2) COLEGIO NEIL ARMSTRONG | E37: =+'GRUPO B'!G41 -> 0 | F37: =+'GRUPO B'!I41 -> 0 | G37: =+K19 -> 2) ESCUELA DE FORMACIÓN DEPORTIVA MARACANA | H37: FINAL COPA PLATA | I37: =+$A$3 -> NACIDOS 2012 2013
A38: 45564 | B38: CANCHA 1 A CLUB POLICIA | C38: 0.51388889 | D38: =+K15 -> 3) COLEGIO PRINCIPADO DE MONACO | E38: =+'GRUPO C'!G17 -> 0 | F38: =+'GRUPO C'!I17 -> 0 | G38: =+K25 -> 3) ESCUELA DEPORTIVA DE FÚTBOL RAQUIRA | H38: FINAL COPA BRONCE | I38: =+$A$3 -> NACIDOS 2012 2013
A39: 45564 | B39: CANCHA 1 B CLUB POLICIA | C39: 0.51388889 | D39: =+K14 -> 2) CENTAUROS DEL ARIARI | E39: =+'GRUPO D'!G38 -> 0 | F39: =+'GRUPO D'!I38 -> 0 | G39: =+K24 -> 2) CORDOBA Y SERRANO F. C. | H39: FINAL COPA PLATA | I39: =+$A$3 -> NACIDOS 2012 2013
A40: 45564 | B40: ESTADIO MUNICIPAL CANCHA 1 A (SINTETICO) | C40: 0.55555556 | D40: =+K8 -> 1) CLUB LOS PAPETICOS | E40: =+'GRUPO A'!G41 -> 0 | F40: =+'GRUPO A'!I41 -> 0 | G40: =+K18 -> 1) GRAMA F. C. | H40: FINAL COPA ORO | I40: =+$A$3 -> NACIDOS 2012 2013
A41: 45564 | B41: ESTADIO MUNICIPAL CANCHA 1 B (SINTETICO) | C41: 0.55555556 | D41: =+K13 -> 1) CLUB ARIEL ARMEL | E41: =+'GRUPO C'!G41 -> 0 | F41: =+'GRUPO C'!I41 -> 0 | G41: =+K23 -> 1) CLUB CAMPESTRE IBAGUE DOS | H41: FINAL COPA ORO | I41: =+$A$3 -> NACIDOS 2012 2013
A47: Recordamos el envio de la planilla de inscripcion diligenciada al correo soccermelgar@outlook.com
A48: Diligenciar e imprimir la planilla de inscripcion y carnet.
A49: Traer documento original para presentar a mesa de delegados o por si algun delegado de equipo la solicita.
A50: Deben iniciar los partidos a la hora indicada, por ende se solicita estar minimo 30 minutos antes,
A51: diligenciar planilla de inscripcion y realizar trabajo precompetitivo
A52: Leer, acatar y/o Cumplir las normas del reglamento.

Sheet Hoja1 (2)
C1: =+'PRE BABY GRUPOS'!C1:I1 -> XVIII Festival Nacional Fútbol Infantil
C2: =+'PRE BABY GRUPOS'!C2:I2 -> “COPA SOCCER MELGAR”
C3: =+_xlfn.SINGLE('PRE BABY GRUPOS'!#REF!) -> #REF!
C4: =+'PRE BABY GRUPOS'!C3:I3 -> NACIDOS 2012 2013
C5: FASE GRUPOS
C7: GRUPO A | E7: GRUPO B | G7: GRUPO C | I7: GRUPO D
C8: 1 | E8: 4 | G8: 7 | I8: 10
C9: 2 | E9: 5 | G9: 8 | I9: 11
C10: 3 | E10: 6 | G10: 9 | I10: 12
C12: PRIMERA FECHA
C14: 4 | F14: vs | G14: 5
C16: 3 | F16: vs | G16: 6
C18: 7 | F18: vs | G18: 8
C20: 9 | F20: vs | G20: 12
C22: 1 | F22: vs | G22: 2
C24: 10 | F24: vs | G24: 11
C26: SEGUNDA FECHA
C28: 4 | F28: vs | G28: 6
C30: 7 | F30: vs | G30: 9
C32: 10 | F32: vs | G32: 12
C34: 2 | F34: vs | G34: 5
C36: 1 | F36: vs | G36: 3
C38: 8 | F38: vs | G38: 11
C40: TERCERA FECHA
C42: 1 | F42: vs | G42: 4
C44: 2 | F44: vs | G44: 3
C46: 5 | F46: vs | G46: 6
C48: 8 | F48: vs | G48: 9
C50: 11 | F50: vs | G50: 12
C52: 7 | F52: vs | G52: 10
C54: PARTIDOS QUE SON DE INTERGRUPO
C56: CUARTA FECHA
C58: TERCERO GRUPO A | F58: vs | G58: TERCERO GRUPO C
C60: SEGUNDO PRUPO A | F60: vs | G60: SEGUNDO GRUPO C
C62: PRIMERO GRUPO A | F62: vs | G62: PRIMERO GRUPO C
C64: TERCERO GRUPO B | F64: vs | G64: TERCERO GRUPO D
C66: SEGUNDO PRUPO B | F66: vs | G66: SEGUNDO GRUPO D
C68: PRIMERO GRUPO B | F68: vs | G68: PRIMERO GRUPO D

Sheet IMPRIMIR HOJA 1 (2)
A1: =+'PRE BABY GRUPOS'!C1 -> XVIII Festival Nacional Fútbol Infantil
A2: =+'PRE BABY GRUPOS'!C2 -> “COPA SOCCER MELGAR”
A3: =+'PRE BABY GRUPOS'!#REF! -> #REF!
A4: =+'PRE BABY GRUPOS'!C3 -> NACIDOS 2012 2013
A6: CALENDARIO OFICIAL
B7: PARTIDOS FECHA 1 INTERGRUPOS | K7: =+'GRUPO A'!B4 -> GRUPO A | L7: =+'GRUPO A'!Q8 -> Pts. | M7: =+'GRUPO A'!R8 -> PJ | N7: =+'GRUPO A'!S8 -> Gan. | O7: =+'GRUPO A'!T8 -> Emp. | P7: =+'GRUPO A'!U8 -> Per. | Q7: =+'GRUPO A'!V8 -> GF | R7: =+'GRUPO A'!W8 -> GC | S7: =+'GRUPO A'!X8 -> Dif. | T7: =+'GRUPO A'!Y8 -> Tj
B8: CANCHA | C8: HORA | D8: EQUIPO | E8: MARCADOR | G8: EQUIPO | H8: GRUPO | I8: CATEGORIA | K8: =+'GRUPO A'!P10 -> 1) CLUB LOS PAPETICOS | L8: =+'GRUPO A'!Q10 -> 7 | M8: =+'GRUPO A'!R10 -> 3 | N8: =+'GRUPO A'!S10 -> 2 | O8: =+'GRUPO A'!T10 -> 1 | P8: =+'GRUPO A'!U10 -> 0 | Q8: =+'GRUPO A'!V10 -> 10 | R8: =+'GRUPO A'!W10 -> 5 | ... T8: =+'GRUPO A'!Y10 -> 0
A9: 43680 | B9: CANCHA 2 A | C9: 09:10 a.m. | D9: =+'GRUPO B'!E17 -> COLEGIO PRINCIPADO DE MONACO | E9: =+'GRUPO B'!G17 -> 4 | F9: =+'GRUPO B'!I17 -> 4 | G9: =+'GRUPO B'!K17 -> CLUB ARIEL ARMEL | H9: =+'GRUPO B'!B4 -> GRUPO B | I9: =+A3 -> #REF! | K9: =+'GRUPO A'!P12 -> 2) COLEGIO NEIL ARMSTRONG | L9: =+'GRUPO A'!Q12 -> 7 | M9: =+'GRUPO A'!R12 -> 3 | N9: =+'GRUPO A'!S12 -> 2 | O9: =+'GRUPO A'!T12 -> 1 | P9: =+'GRUPO A'!U12 -> 0 | Q9: =+'GRUPO A'!V12 -> 9 | R9: =+'GRUPO A'!W12 -> 4 | ... T9: =+'GRUPO A'!Y12 -> 0
A10: 43680 | B10: CANCHA 2 B | C10: 09:20 a.m. | D10: =+'GRUPO A'!E14 -> CLUB CAMPESTRE IBAGUE UNO | E10: =+'GRUPO A'!G14 -> 3 | F10: =+'GRUPO A'!I14 -> 0 | G10: =+'GRUPO A'!K14 -> CENTAUROS DEL ARIARI | H10: INTERGRUPO | I10: =+A3 -> #REF! | K10: =+'GRUPO A'!P14 -> 3) CLUB CAMPESTRE IBAGUE UNO | L10: =+'GRUPO A'!Q14 -> 3 | M10: =+'GRUPO A'!R14 -> 3 | N10: =+'GRUPO A'!S14 -> 1 | O10: =+'GRUPO A'!T14 -> 0 | P10: =+'GRUPO A'!U14 -> 2 | Q10: =+'GRUPO A'!V14 -> 3 | R10: =+'GRUPO A'!W14 -> 13 | ... T10: =+'GRUPO A'!Y14 -> 0
A11: 43680 | B11: CANCHA 2 A | C11: 10:10 a.m. | D11: =+'GRUPO C'!E26 -> GRAMA F. C. | E11: =+'GRUPO C'!G26 -> 5 | F11: =+'GRUPO C'!I26 -> 1 | G11: =+'GRUPO C'!K26 -> NOVATOS F. C. | H11: =+'GRUPO C'!B4 -> GRUPO C | I11: =+A3 -> #REF!
A12: 43680 | B12: CANCHA 2 B | C12: 10:20 a.m. | D12: =+'GRUPO C'!E14 -> ESCUELA DE FORMACIÓN DEPORTIVA MARACANA | E12: =+'GRUPO C'!G14 -> 3 | F12: =+'GRUPO C'!I14 -> 3 | G12: =+'GRUPO C'!K14 -> CORDOBA Y SERRANO F. C. | H12: INTERGRUPO | I12: =+A3 -> #REF! | K12: =+'GRUPO B'!B4 -> GRUPO B | L12: =+'GRUPO B'!Q8 -> Pts. | M12: =+'GRUPO B'!R8 -> PJ | N12: =+'GRUPO B'!S8 -> Gan. | O12: =+'GRUPO B'!T8 -> Emp. | P12: =+'GRUPO B'!U8 -> Per. | Q12: =+'GRUPO B'!V8 -> GF | R12: =+'GRUPO B'!W8 -> GC | S12: =+'GRUPO B'!X8 -> Dif. | T12: =+'GRUPO B'!Y8 -> Tj
A13: 43680 | B13: CANCHA 2 A | C13: 11:10 a.m. | D13: =+'GRUPO A'!E17 -> COLEGIO NEIL ARMSTRONG | E13: =+'GRUPO A'!G17 -> 1 | F13: =+'GRUPO A'!I17 -> 1 | G13: =+'GRUPO A'!K17 -> CLUB LOS PAPETICOS | H13: =+'GRUPO A'!B4 -> GRUPO A | I13: =+A3 -> #REF! | K13: =+'GRUPO B'!P10 -> 1) CLUB ARIEL ARMEL | L13: =+'GRUPO B'!Q10 -> 4 | M13: =+'GRUPO B'!R10 -> 3 | N13: =+'GRUPO B'!S10 -> 1 | O13: =+'GRUPO B'!T10 -> 1 | P13: =+'GRUPO B'!U10 -> 1 | Q13: =+'GRUPO B'!V10 -> 7 | R13: =+'GRUPO B'!W10 -> 4 | ... T13: =+'GRUPO B'!Y10 -> 0
A14: 43680 | B14: CANCHA 2 B | C14: 11:20 a.m. | D14: =+'GRUPO D'!E26 -> ESCUELA DEPORTIVA DE FÚTBOL RAQUIRA | E14: =+'GRUPO D'!G26 -> 2 | F14: =+'GRUPO D'!I26 -> 5 | G14: =+'GRUPO D'!K26 -> CLUB CAMPESTRE IBAGUE DOS | H14: =+'GRUPO D'!B4 -> GRUPO D | I14: =+A3 -> #REF! | K14: =+'GRUPO B'!P12 -> 2) CENTAUROS DEL ARIARI | L14: =+'GRUPO B'!Q12 -> 3 | M14: =+'GRUPO B'!R12 -> 3 | N14: =+'GRUPO B'!S12 -> 1 | O14: =+'GRUPO B'!T12 -> 0 | P14: =+'GRUPO B'!U12 -> 2 | Q14: =+'GRUPO B'!V12 -> 4 | R14: =+'GRUPO B'!W12 -> 5 | ... T14: =+'GRUPO B'!Y12 -> 0
K15: =+'GRUPO B'!P14 -> 3) COLEGIO PRINCIPADO DE MONACO | L15: =+'GRUPO B'!Q14 -> 1 | M15: =+'GRUPO B'!R14 -> 3 | N15: =+'GRUPO B'!S14 -> 0 | O15: =+'GRUPO B'!T14 -> 1 | P15: =+'GRUPO B'!U14 -> 2 | Q15: =+'GRUPO B'!V14 -> 7 | R15: =+'GRUPO B'!W14 -> 12 | ... T15: =+'GRUPO B'!Y14 -> 0
B16: =+'IMPRIMIR 2'!A14 -> PARTIDOS fecha 2
B17: CANCHA | C17: HORA | D17: EQUIPO | E17: MARCADOR | G17: EQUIPO | H17: GRUPO | I17: CATEGORIA | K17: =+'GRUPO C'!B4 -> GRUPO C | L17: =+'GRUPO C'!Q8 -> Pts. | M17: =+'GRUPO C'!R8 -> PJ | N17: =+'GRUPO C'!S8 -> Gan. | O17: =+'GRUPO C'!T8 -> Emp. | P17: =+'GRUPO C'!U8 -> Per. | Q17: =+'GRUPO C'!V8 -> GF | R17: =+'GRUPO C'!W8 -> GC | S17: =+'GRUPO C'!X8 -> Dif. | T17: =+'GRUPO C'!Y8 -> Tj
A18: 43680 | B18: CANCHA 2 A | C18: 1:40 p.m. | D18: =+'GRUPO B'!E29 -> COLEGIO PRINCIPADO DE MONACO | E18: =+'GRUPO B'!G29 -> 1 | F18: =+'GRUPO B'!I29 -> 4 | G18: =+'GRUPO B'!K29 -> CENTAUROS DEL ARIARI | H18: =+'GRUPO B'!B4 -> GRUPO B | I18: =+A3 -> #REF! | K18: =+'GRUPO C'!P10 -> 1) GRAMA F. C. | L18: =+'GRUPO C'!Q10 -> 6 | M18: =+'GRUPO C'!R10 -> 3 | N18: =+'GRUPO C'!S10 -> 2 | O18: =+'GRUPO C'!T10 -> 0 | P18: =+'GRUPO C'!U10 -> 1 | Q18: =+'GRUPO C'!V10 -> 8 | R18: =+'GRUPO C'!W10 -> 6 | ... T18: =+'GRUPO C'!Y10 -> 0
A19: 43680 | B19: CANCHA 2 B | C19: 2:00 p.m. | D19: =+'GRUPO C'!E29 -> GRAMA F. C. | E19: =+'GRUPO C'!G29 -> 2 | F19: =+'GRUPO C'!I29 -> 1 | G19: =+'GRUPO C'!K29 -> ESCUELA DE FORMACIÓN DEPORTIVA MARACANA | H19: =+'GRUPO C'!B4 -> GRUPO C | I19: =+A3 -> #REF! | K19: =+'GRUPO C'!P12 -> 2) ESCUELA DE FORMACIÓN DEPORTIVA MARACANA | L19: =+'GRUPO C'!Q12 -> 4 | M19: =+'GRUPO C'!R12 -> 3 | N19: =+'GRUPO C'!S12 -> 1 | O19: =+'GRUPO C'!T12 -> 1 | P19: =+'GRUPO C'!U12 -> 1 | Q19: =+'GRUPO C'!V12 -> 17 | R19: =+'GRUPO C'!W12 -> 5 | ... T19: =+'GRUPO C'!Y12 -> 0
A20: 43680 | B20: CANCHA 2 A | C20: 2:50 p.m. | D20: =+'GRUPO D'!E32 -> CLUB CAMPESTRE IBAGUE DOS | E20: =+'GRUPO D'!G32 -> 3 | F20: =+'GRUPO D'!I32 -> 3 | G20: =+'GRUPO D'!K32 -> CORDOBA Y SERRANO F. C. | H20: =+'GRUPO D'!B4 -> GRUPO D | I20: =+A3 -> #REF! | K20: =+'GRUPO C'!P14 -> 3) NOVATOS F. C. | L20: =+'GRUPO C'!Q14 -> 0 | M20: =+'GRUPO C'!R14 -> 3 | N20: =+'GRUPO C'!S14 -> 0 | O20: =+'GRUPO C'!T14 -> 0 | P20: =+'GRUPO C'!U14 -> 3 | Q20: =+'GRUPO C'!V14 -> 1 | R20: =+'GRUPO C'!W14 -> 21 | ... T20: =+'GRUPO C'!Y14 -> 0 | W20: |
A21: 43680 | B21: CANCHA 2 B | C21: 3:05 p.m. | D21: =+'GRUPO A'!E11 -> CLUB LOS PAPETICOS | E21: =+'GRUPO A'!G11 -> 3 | F21: =+'GRUPO A'!I11 -> 2 | G21: =+'GRUPO A'!K11 -> CLUB ARIEL ARMEL | H21: INTERGRUPO | I21: =+A3 -> #REF!
A22: 43680 | B22: CANCHA 2 A | C22: 3:55 p.m. | D22: =+'GRUPO A'!E29 -> COLEGIO NEIL ARMSTRONG | E22: =+'GRUPO A'!G29 -> 4 | F22: =+'GRUPO A'!I29 -> 1 | G22: =+'GRUPO A'!K29 -> CLUB CAMPESTRE IBAGUE UNO | H22: =+'GRUPO A'!B4 -> GRUPO A | I22: =+A3 -> #REF! | K22: =+'GRUPO D'!B4 -> GRUPO D | L22: =+'GRUPO D'!Q8 -> Pts. | M22: =+'GRUPO D'!R8 -> PJ | N22: =+'GRUPO D'!S8 -> Gan. | O22: =+'GRUPO D'!T8 -> Emp. | P22: =+'GRUPO D'!U8 -> Per. | Q22: =+'GRUPO D'!V8 -> GF | R22: =+'GRUPO D'!W8 -> GC | S22: =+'GRUPO D'!X8 -> Dif. | T22: =+'GRUPO D'!Y8 -> Tj
A23: 43680 | B23: CANCHA 2 B | C23: 4:10 p.m. | D23: =+'GRUPO C'!E11 -> NOVATOS F. C. | E23: =+'GRUPO C'!G11 -> 0 | F23: =+'GRUPO C'!I11 -> 3 | G23: =+'GRUPO C'!K11 -> ESCUELA DEPORTIVA DE FÚTBOL RAQUIRA | H23: INTERGRUPO | I23: =+A3 -> #REF! | K23: =+'GRUPO D'!P10 -> 1) CLUB CAMPESTRE IBAGUE DOS | L23: =+'GRUPO D'!Q10 -> 7 | M23: =+'GRUPO D'!R10 -> 3 | N23: =+'GRUPO D'!S10 -> 2 | O23: =+'GRUPO D'!T10 -> 1 | P23: =+'GRUPO D'!U10 -> 0 | Q23: =+'GRUPO D'!V10 -> 12 | R23: =+'GRUPO D'!W10 -> 9 | ... T23: =+'GRUPO D'!Y10 -> 0
K24: =+'GRUPO D'!P12 -> 2) CORDOBA Y SERRANO F. C. | L24: =+'GRUPO D'!Q12 -> 5 | M24: =+'GRUPO D'!R12 -> 3 | N24: =+'GRUPO D'!S12 -> 1 | O24: =+'GRUPO D'!T12 -> 2 | P24: =+'GRUPO D'!U12 -> 0 | Q24: =+'GRUPO D'!V12 -> 18 | R24: =+'GRUPO D'!W12 -> 6 | ... T24: =+'GRUPO D'!Y12 -> 0
B25: PARTIDOS FECHA 3 | K25: =+'GRUPO D'!P14 -> 3) ESCUELA DEPORTIVA DE FÚTBOL RAQUIRA | L25: =+'GRUPO D'!Q14 -> 3 | M25: =+'GRUPO D'!R14 -> 3 | N25: =+'GRUPO D'!S14 -> 1 | O25: =+'GRUPO D'!T14 -> 0 | P25: =+'GRUPO D'!U14 -> 2 | Q25: =+'GRUPO D'!V14 -> 5 | R25: =+'GRUPO D'!W14 -> 17 | ... T25: =+'GRUPO D'!Y14 -> 0
B26: CANCHA | C26: HORA | D26: EQUIPO | E26: MARCADOR | G26: EQUIPO | H26: GRUPO | I26: CATEGORIA | K26: LA CUARTA FECHA SE JUGARAN DOS TIEMPOS DE 18 MINUTOS CADA UNO
A27: 43681 | B27: CANCHA 2 A | C27: 07:30 a.m. | D27: =+'GRUPO A'!E8 -> COLEGIO NEIL ARMSTRONG | E27: =+'GRUPO A'!G8 -> 4 | F27: =+'GRUPO A'!I8 -> 2 | G27: =+'GRUPO A'!K8 -> COLEGIO PRINCIPADO DE MONACO | H27: INTERGRUPO | I27: =+A3 -> #REF!
A28: 43681 | B28: CANCHA 2 B | C28: 07:50 a.m. | D28: =+'GRUPO A'!E32 -> CLUB LOS PAPETICOS | E28: =+'GRUPO A'!G32 -> 9 | F28: =+'GRUPO A'!I32 -> 2 | G28: =+'GRUPO A'!K32 -> CLUB CAMPESTRE IBAGUE UNO | H28: =+'GRUPO A'!B4 -> GRUPO A | I28: =+I29 -> #REF! | K28: PRIMERO GRUPO A | L28: vs | M28: PRIMERO GRUPO C
A29: 43681 | B29: CANCHA 2 A | C29: 08:35 a.m. | D29: =+'GRUPO B'!E32 -> CLUB ARIEL ARMEL | E29: =+'GRUPO B'!G32 -> 1 | F29: =+'GRUPO B'!I32 -> 0 | G29: =+'GRUPO B'!K32 -> CENTAUROS DEL ARIARI | H29: =+'GRUPO B'!B4 -> GRUPO B | I29: =+A3 -> #REF! | K29: SEGUNDO PRUPO A | L29: vs | M29: SEGUNDO GRUPO C
A30: 43681 | B30: CANCHA 2 B | C30: 09:00 a.m. | D30: =+'GRUPO C'!E32 -> NOVATOS F. C. | E30: =+'GRUPO C'!G32 -> 0 | F30: =+'GRUPO C'!I32 -> 13 | G30: =+'GRUPO C'!K32 -> ESCUELA DE FORMACIÓN DEPORTIVA MARACANA | H30: =+'GRUPO C'!B4 -> GRUPO C | I30: =+A3 -> #REF! | K30: TERCERO GRUPO A | L30: vs | M30: TERCERO GRUPO C
A31: 43681 | B31: CANCHA 2 A | C31: 09:40 a.m. | D31: =+'GRUPO D'!E29 -> ESCUELA DEPORTIVA DE FÚTBOL RAQUIRA | E31: =+'GRUPO D'!G29 -> 0 | F31: =+'GRUPO D'!I29 -> 12 | G31: =+'GRUPO D'!K29 -> CORDOBA Y SERRANO F. C. | H31: =+'GRUPO D'!B4 -> GRUPO D | I31: =+I28 -> #REF! | K31: PRIMERO GRUPO B | L31: vs | M31: PRIMERO GRUPO D
A32: 43681 | B32: CANCHA 2 B | C32: 10:10 a.m. | D32: =+'GRUPO C'!E8 -> GRAMA F. C. | E32: =+'GRUPO C'!G8 -> 1 | F32: =+'GRUPO C'!I8 -> 4 | G32: =+'GRUPO C'!K8 -> CLUB CAMPESTRE IBAGUE DOS | H32: INTERGRUPO | I32: =+A3 -> #REF! | K32: SEGUNDO PRUPO B | L32: vs | M32: SEGUNDO GRUPO D
K33: TERCERO GRUPO B | L33: vs | M33: TERCERO GRUPO D
B34: PARTIDOS FECHA 4
B35: CANCHA | C35: HORA | D35: EQUIPO | E35: MARCADOR | G35: EQUIPO | H35: GRUPO | I35: CATEGORIA
A36: 43681 | B36: CANCHA 2 A | C36: 1:40 p.m. | D36: =+K10 -> 3) CLUB CAMPESTRE IBAGUE UNO | E36: 0 | F36: 0 | G36: =+K20 -> 3) NOVATOS F. C. | H36: FINAL | I36: =+A3 -> #REF!
A37: 43681 | B37: CANCHA 2 B | C37: 2:00 p.m. | D37: =+K9 -> 2) COLEGIO NEIL ARMSTRONG | E37: =+'GRUPO B'!G41 -> 0 | F37: =+'GRUPO B'!I41 -> 0 | G37: =+K19 -> 2) ESCUELA DE FORMACIÓN DEPORTIVA MARACANA | H37: FINAL | I37: =+A3 -> #REF!
A38: 43681 | B38: CANCHA 2 A | C38: 2:30 p.m. | D38: =+K8 -> 1) CLUB LOS PAPETICOS | E38: =+'GRUPO A'!G41 -> 0 | F38: =+'GRUPO A'!I41 -> 0 | G38: =+K18 -> 1) GRAMA F. C. | H38: FINAL | I38: =+A3 -> #REF!
A39: 43681 | B39: CANCHA 2 B | C39: 2:50 p.m. | D39: =+K15 -> 3) COLEGIO PRINCIPADO DE MONACO | E39: =+'GRUPO C'!G17 -> 0 | F39: =+'GRUPO C'!I17 -> 0 | G39: =+K25 -> 3) ESCUELA DEPORTIVA DE FÚTBOL RAQUIRA | H39: FINAL | I39: =+A3 -> #REF!
A40: 43681 | B40: CANCHA 2 A | C40: 3:20 p.m. | D40: =+K14 -> 2) CENTAUROS DEL ARIARI | E40: =+'GRUPO D'!G38 -> 0 | F40: =+'GRUPO D'!I38 -> 0 | G40: =+K24 -> 2) CORDOBA Y SERRANO F. C. | H40: FINAL | I40: =+A3 -> #REF!
A41: 43681 | B41: CANCHA 2 B | C41: 3:40 p.m. | D41: =+K13 -> 1) CLUB ARIEL ARMEL | E41: =+'GRUPO C'!G41 -> 0 | F41: =+'GRUPO C'!I41 -> 0 | G41: =+K23 -> 1) CLUB CAMPESTRE IBAGUE DOS | H41: FINAL | I41: =+A3 -> #REF!
A47: Recordamos el envio de la planilla de inscripcion diligenciada al correo soccermelgar@outlook.com
A48: Diligenciar e imprimir la planilla de inscripcion y carnet.
A49: Traer documento original para presentar a mesa de delegados o por si algun delegado de equipo la solicita.
A50: Deben iniciar los partidos a la hora indicada, por ende se solicita estar minimo 30 minutos antes,
A51: diligenciar planilla de inscripcion y realizar trabajo precompetitivo
A52: Leer, acatar y/o Cumplir las normas del reglamento.
