Workbook

Sheet GRUPOS PRE JUVENIL
D1: XIX Festival Nacional de Fútbol Infantil
D2: “COPA SOCCER MELGAR”
D3: 5 Y 6 ABRIL 2025
D4: NACIDOS 2013 2014
E6: GRUPO A | G6: GRUPO B
E7: SPORTLAND LA MESA | G7: ACADEMIA COOFISAM
E8: CLUB DEPORTIVO YIYO MUZO F. C. | G8: INTER SADI F. C.
E9: CLUB LA REAL | G9: ATHLETIC MELGAR | I9: 2025

Sheet GRUPO A
A1: IV Campeonato Nacional de Futbol
A2: “COPA FUTURO TALENTO”
B3: =+'GRUPOS PRE JUVENIL'!D3 -> 5 Y 6 ABRIL 2025 | F3: =+'GRUPOS PRE JUVENIL'!D4 -> NACIDOS 2013 2014
B4: =+'GRUPOS PRE JUVENIL'!E6 -> GRUPO A
B6: PARTIDOS | P6: POSICIONES | AJ6: =COUNT(G14,I14,G8,I8,G11,I11,G20,I20,G17,I17,G26,I26,G23,I23,G35,I35,G32,I32,G29,I29) -> 0
A7: Tj | N7: Tj
B8: 42811 | C8: 04:55. p.m. | E8: =+'GRUPOS PRE JUVENIL'!E7 -> SPORTLAND LA MESA | F8: =IF(AND(G8<>"",I8<>""),IF(G8=I8,"E",IF(G8>I8,"G","P")),"") | H8: - | J8: =IF(AND(I8<>"",G8<>""),IF(I8=G8,"E",IF(I8>G8,"G","P")),"") | K8: =+'GRUPOS PRE JUVENIL'!G8 -> INTER SADI F. C. | M8: CANCHA 1 A | P8: GRUPO A | Q8: Pts. | R8: PJ | S8: Gan. | T8: Emp. | U8: Per. | V8: GF | W8: GC | X8: Dif. | Y8: Tj | AC8: win | AD8: empate | AE8: perdido | AJ8: =IF(AJ6=12,IF(INDEX(Z10:AK19,MATCH(2,Z10:Z17,0),11)=INDEX(Z10:AK17,MATCH(1,Z10:Z17,0),11),1,0),0) -> 0
P10: =" 1) " & VLOOKUP(1,$Z$10:$AI$19,2,0) -> 1) CLUB LA REAL | Q10: =VLOOKUP(1,$Z$10:$AI$19,3,0) -> 0 | R10: =+SUM(S10:U11) -> 0 | S10: =VLOOKUP(1,$Z$10:$AI$19,4,0) -> 0 | T10: =VLOOKUP(1,$Z$10:$AI$19,5,0) -> 0 | U10: =VLOOKUP(1,$Z$10:$AI$19,6,0) -> 0 | V10: =VLOOKUP(1,$Z$10:$AI$19,7,0) -> 0 | W10: =VLOOKUP(1,$Z$10:$AI$19,8,0) -> 0 | X10: =VLOOKUP(1,$Z$10:$AH$19,9,0) -> 0 | Y10: =VLOOKUP(1,$Z$10:$AI$19,10,0) -> 0 | Z10: =RANK(AJ10,$AJ$10:$AJ$19,0) -> 3 | AA10: =+'GRUPOS PRE JUVENIL'!E7 -> SPORTLAND LA MESA | AB10: =(AC10*3)+AD10 -> 0 | AC10: =COUNTIF(Q44:T44,"G") -> 0 | AD10: =COUNTIF(Q44:T44,"E") -> 0 | AE10: =COUNTIF(Q44:T44,"P") -> 0 | AF10: =+G17+G8+G23+I32 -> 0 | AG10: =+I17+I8+I23+G32 -> 0 | AH10: =AF10-AG10 -> 0 | AI10: =+A17+A8+A23+N32 -> 0 | AJ10: =(AB10*1000)+(AH10*100)+(AF10*10)-AI10+0.1 -> 0.1 | AK10: =AJ10 -> 0.1
B11: 42811 | C11: 04:55. p.m. | E11: =+'GRUPOS PRE JUVENIL'!E8 -> CLUB DEPORTIVO YIYO MUZO F. C. | F11: =IF(AND(G11<>"",I11<>""),IF(G11=I11,"E",IF(G11>I11,"G","P")),"") | H11: - | J11: =IF(AND(I11<>"",G11<>""),IF(I11=G11,"E",IF(I11>G11,"G","P")),"") | K11: =+'GRUPOS PRE JUVENIL'!G9 -> ATHLETIC MELGAR | M11: CANCHA 1 B
P12: =" 2) " & VLOOKUP(2,$Z$10:$AI$19,2,0) -> 2) CLUB DEPORTIVO YIYO MUZO F. C. | Q12: =VLOOKUP(2,$Z$10:$AI$19,3,0) -> 0 | R12: =+SUM(S12:U13) -> 0 | S12: =VLOOKUP(2,$Z$10:$AI$19,4,0) -> 0 | T12: =VLOOKUP(2,$Z$10:$AI$19,5,0) -> 0 | U12: =VLOOKUP(2,$Z$10:$AI$19,6,0) -> 0 | V12: =VLOOKUP(2,$Z$10:$AI$19,7,0) -> 0 | W12: =VLOOKUP(2,$Z$10:$AI$19,8,0) -> 0 | X12: =VLOOKUP(2,$Z$10:$AH$19,9,0) -> 0 | Y12: =VLOOKUP(2,$Z$10:$AI$19,10,0) -> 0 | Z12: =RANK(AJ12,$AJ$10:$AJ$19,0) -> 2 | AA12: =+'GRUPOS PRE JUVENIL'!E8 -> CLUB DEPORTIVO YIYO MUZO F. C. | AB12: =(AC12*3)+AD12 -> 0 | AC12: =COUNTIF(Q45:T45,"G") -> 0 | AD12: =COUNTIF(Q45:T45,"E") -> 0 | AE12: =COUNTIF(Q45:T45,"P") -> 0 | AF12: =+G11+I17+G26+I29 -> 0 | AG12: =+I11+G17+I26+G29 -> 0 | AH12: =AF12-AG12 -> 0 | AI12: =+A11+A26+N17+N29 -> 0 | AJ12: =(AB12*1000)+(AH12*100)+(AF12*10)-AI12+0.2 -> 0.2 | AK12: =AJ12 -> 0.2
B14: 42811 | C14: 04:55. p.m. | E14: =+'GRUPOS PRE JUVENIL'!E9 -> CLUB LA REAL | F14: =IF(AND(G14<>"",I14<>""),IF(G14=I14,"E",IF(G14>I14,"G","P")),"") | H14: - | J14: =IF(AND(I14<>"",G14<>""),IF(I14=G14,"E",IF(I14>G14,"G","P")),"") | K14: =+'GRUPOS PRE JUVENIL'!G7 -> ACADEMIA COOFISAM | M14: CANCHA 1 C | P14: =" 3) " & VLOOKUP(3,$Z$10:$AI$19,2,0) -> 3) SPORTLAND LA MESA | Q14: =VLOOKUP(3,$Z$10:$AI$19,3,0) -> 0 | R14: =+SUM(S14:U15) -> 0 | S14: =VLOOKUP(3,$Z$10:$AI$19,4,0) -> 0 | T14: =VLOOKUP(3,$Z$10:$AI$19,5,0) -> 0 | U14: =VLOOKUP(3,$Z$10:$AI$19,6,0) -> 0 | V14: =VLOOKUP(3,$Z$10:$AI$19,7,0) -> 0 | W14: =VLOOKUP(3,$Z$10:$AI$19,8,0) -> 0 | X14: =VLOOKUP(3,$Z$10:$AI$19,9,0) -> 0 | Y14: =VLOOKUP(3,$Z$10:$AI$19,10,0) -> 0 | Z14: =RANK(AJ14,$AJ$10:$AJ$19,0) -> 1 | AA14: =+'GRUPOS PRE JUVENIL'!E9 -> CLUB LA REAL | AB14: =(AC14*3)+AD14 -> 0 | AC14: =COUNTIF(Q46:T46,"G") -> 0 | AD14: =COUNTIF(Q46:T46,"E") -> 0 | AE14: =COUNTIF(Q46:T46,"P") -> 0 | AF14: =+G14+G20+I23+G29 -> 0 | AG14: =+I20+I14+G23+I29 -> 0 | AH14: =AF14-AG14 -> 0 | AI14: =+A14+A20+N23+A29 -> 0 | AJ14: =(AB14*1000)+(AH14*100)+(AF14*10)-AI14+0.3 -> 0.3 | AK14: =+X14 -> 0
B17: 42813 | C17: 07:00. a.m. | E17: =+'GRUPOS PRE JUVENIL'!E7 -> SPORTLAND LA MESA | F17: =IF(AND(G17<>"",I17<>""),IF(G17=I17,"E",IF(G17>I17,"G","P")),"") | H17: - | J17: =IF(AND(I17<>"",G17<>""),IF(I17=G17,"E",IF(I17>G17,"G","P")),"") | K17: =+'GRUPOS PRE JUVENIL'!E8 -> CLUB DEPORTIVO YIYO MUZO F. C. | M17: CANCHA 1 A
B20: 42813 | C20: 08:40. a.m. | E20: =+'GRUPOS PRE JUVENIL'!E9 -> CLUB LA REAL | F20: =IF(AND(G20<>"",I20<>""),IF(G20=I20,"E",IF(G20>I20,"G","P")),"") | H20: - | J20: =IF(AND(I20<>"",G20<>""),IF(I20=G20,"E",IF(I20>G20,"G","P")),"") | K20: =+'GRUPOS PRE JUVENIL'!G9 -> ATHLETIC MELGAR | M20: CANCHA 1 A
W22: =IF(AJ8=1,IF(P21="","",P21),IF(SUM(Q10:Q19)>0,VLOOKUP(1,Z10:AA19,2,0),""))
B23: 42813 | C23: 01:20. p.m. | E23: =+'GRUPOS PRE JUVENIL'!E7 -> SPORTLAND LA MESA | F23: =IF(AND(G23<>"",I23<>""),IF(G23=I23,"E",IF(G23>I23,"G","P")),"") | H23: - | J23: =IF(AND(I23<>"",G23<>""),IF(I23=G23,"E",IF(I23>G23,"G","P")),"") | K23: =+'GRUPOS PRE JUVENIL'!E9 -> CLUB LA REAL | M23: CANCHA 1 A | W23: =IF(AJ8=1,IF(P24="","",P24),IF(SUM(Q10:Q19)>0,VLOOKUP(2,Z10:AA19,2,0),""))
W24: =IF(AJ9=1,IF(P25="","",P25),IF(SUM(Q10:Q15)>0,VLOOKUP(3,Z10:AA15,2,0),""))
B26: 42812 | C26: 07:00. a.m. | E26: =+'GRUPOS PRE JUVENIL'!E8 -> CLUB DEPORTIVO YIYO MUZO F. C. | F26: =IF(AND(G26<>"",I26<>""),IF(G26=I26,"E",IF(G26>I26,"G","P")),"") | H26: - | J26: =IF(AND(I26<>"",G26<>""),IF(I26=G26,"E",IF(I26>G26,"G","P")),"") | K26: =+'GRUPOS PRE JUVENIL'!G8 -> INTER SADI F. C. | M26: CANCHA 1 B
B29: 42812 | C29: 03:00. p.m. | E29: =+'GRUPOS PRE JUVENIL'!E9 -> CLUB LA REAL | F29: =IF(AND(G29<>"",I29<>""),IF(G29=I29,"E",IF(G29>I29,"G","P")),"") | H29: - | J29: =IF(AND(I29<>"",G29<>""),IF(I29=G29,"E",IF(I29>G29,"G","P")),"") | K29: =+'GRUPOS PRE JUVENIL'!E8 -> CLUB DEPORTIVO YIYO MUZO F. C. | M29: CANCHA 1 C
J31: =IF(AG8=1,"Indique el primero y segundo equipos clasificados de la serie:","") | L31: =IF(AG8=1,"Primero:","")
B32: 42812 | C32: 03:00. p.m. | E32: =+'GRUPOS PRE JUVENIL'!G7 -> ACADEMIA COOFISAM | F32: =IF(AND(G32<>"",I32<>""),IF(G32=I32,"E",IF(G32>I32,"G","P")),"") | H32: - | J32: =IF(AND(I32<>"",G32<>""),IF(I32=G32,"E",IF(I32>G32,"G","P")),"") | K32: =+'GRUPOS PRE JUVENIL'!E7 -> SPORTLAND LA MESA | M32: CANCHA 1 B
P44: =+'GRUPOS PRE JUVENIL'!E7 -> SPORTLAND LA MESA | Q44: =+F8 | R44: =+F17 | S44: =+F23 | T44: =+J32
P45: =+'GRUPOS PRE JUVENIL'!E8 -> CLUB DEPORTIVO YIYO MUZO F. C. | Q45: =+F11 | R45: =+J17 | S45: =+F26 | T45: =+J29
P46: =+'GRUPOS PRE JUVENIL'!E9 -> CLUB LA REAL | Q46: =+F14 | R46: =+F20 | S46: =+J23 | T46: =+F29

Sheet GRUPO B
A1: IV Campeonato Nacional de Futbol
A2: “COPA FUTURO TALENTO”
B3: =+'GRUPOS PRE JUVENIL'!D3 -> 5 Y 6 ABRIL 2025 | F3: =+'GRUPOS PRE JUVENIL'!D4 -> NACIDOS 2013 2014
B4: =+'GRUPOS PRE JUVENIL'!G6 -> GRUPO B | P4: POSICIONES | AJ4: =COUNT(G8,I8,G11,I11,G14,I14,G17,I17,G20,I20,G35,I35,G23,I23,G26,I26,G29,I29,G32,I32) -> 0
B6: PARTIDOS | P6: GRUPO B | Q6: Pts. | R6: PJ | S6: Gan. | T6: Emp. | U6: Per. | V6: GF | W6: GC | X6: Dif. | Y6: Tj | AC6: win | AD6: empate | AE6: perdido | AJ6: =IF(AJ4=12,IF(INDEX(Z8:AK17,MATCH(2,Z8:Z15,0),11)=INDEX(Z8:AK15,MATCH(1,Z8:Z15,0),11),1,0),0) -> 0
A7: Tj | N7: Tj
B8: =+'GRUPO A'!B8:B9 -> 42811 | C8: =+'GRUPO A'!C8:C9 -> 04:55. p.m. | E8: =+'GRUPO A'!E8:E9 -> SPORTLAND LA MESA | F8: =IF(AND(G8<>"",I8<>""),IF(G8=I8,"E",IF(G8>I8,"G","P")),"") | H8: - | J8: =IF(AND(I8<>"",G8<>""),IF(I8=G8,"E",IF(I8>G8,"G","P")),"") | K8: =+'GRUPO A'!K8:K9 -> INTER SADI F. C. | M8: =+'GRUPO A'!M8:M9 -> CANCHA 1 A | P8: =" 1) " & VLOOKUP(1,$Z$8:$AI$17,2,0) -> 1) ATHLETIC MELGAR | Q8: =VLOOKUP(1,$Z$8:$AI$17,3,0) -> 0 | R8: =+SUM(S8:U9) -> 0 | S8: =VLOOKUP(1,$Z$8:$AI$17,4,0) -> 0 | T8: =VLOOKUP(1,$Z$8:$AI$17,5,0) -> 0 | U8: =VLOOKUP(1,$Z$8:$AI$17,6,0) -> 0 | V8: =VLOOKUP(1,$Z$8:$AI$17,7,0) -> 0 | W8: =VLOOKUP(1,$Z$8:$AI$17,8,0) -> 0 | X8: =VLOOKUP(1,$Z$8:$AH$17,9,0) -> 0 | Y8: =VLOOKUP(1,$Z$8:$AI$17,10,0) -> 0 | Z8: =RANK(AJ8,$AJ$8:$AJ$17,0) -> 3 | AA8: =+'GRUPOS PRE JUVENIL'!G7 -> ACADEMIA COOFISAM | AB8: =(AC8*3)+AD8 -> 0 | AC8: =COUNTIF(Q42:T42,"G") -> 0 | AD8: =COUNTIF(Q42:T42,"E") -> 0 | AE8: =COUNTIF(Q42:T42,"P") -> 0 | AF8: =+I14+G17+G32+G23 -> 0 | AG8: =+G14+I17+I32+I23 -> 0 | AH8: =AF8-AG8 -> 0 | AI8: =+N14+A17+A32+A23 -> 0 | AJ8: =(AB8*1000)+(AH8*100)+(AF8*10)-AI8+0.1 -> 0.1 | AK8: =AJ8 -> 0.1
P10: =" 2) " & VLOOKUP(2,$Z$8:$AI$17,2,0) -> 2) INTER SADI F. C. | Q10: =VLOOKUP(2,$Z$8:$AI$17,3,0) -> 0 | R10: =+SUM(S10:U11) -> 0 | S10: =VLOOKUP(2,$Z$8:$AI$17,4,0) -> 0 | T10: =VLOOKUP(2,$Z$8:$AI$17,5,0) -> 0 | U10: =VLOOKUP(2,$Z$8:$AI$17,6,0) -> 0 | V10: =VLOOKUP(2,$Z$8:$AI$17,7,0) -> 0 | W10: =VLOOKUP(2,$Z$8:$AI$17,8,0) -> 0 | X10: =VLOOKUP(2,$Z$8:$AH$17,9,0) -> 0 | Y10: =VLOOKUP(2,$Z$8:$AI$17,10,0) -> 0 | Z10: =RANK(AJ10,$AJ$8:$AJ$17,0) -> 2 | AA10: =+'GRUPOS PRE JUVENIL'!G8 -> INTER SADI F. C. | AB10: =(AC10*3)+AD10 -> 0 | AC10: =COUNTIF(Q43:T43,"G") -> 0 | AD10: =COUNTIF(Q43:T43,"E") -> 0 | AE10: =COUNTIF(Q43:T43,"P") -> 0 | AF10: =+I8+I17+I26+G29 -> 0 | AG10: =+G8+G17+G26+I29 -> 0 | AH10: =AF10-AG10 -> 0 | AI10: =+N8+A29+N17+N26 -> 0 | AJ10: =(AB10*1000)+(AH10*100)+(AF10*10)-AI10+0.2 -> 0.2 | AK10: =AJ10 -> 0.2
B11: =+'GRUPO A'!B11:B12 -> 42811 | C11: =+'GRUPO A'!C11:C12 -> 04:55. p.m. | E11: =+'GRUPO A'!E11:E12 -> CLUB DEPORTIVO YIYO MUZO F. C. | F11: =IF(AND(G11<>"",I11<>""),IF(G11=I11,"E",IF(G11>I11,"G","P")),"") | H11: - | J11: =IF(AND(I11<>"",G11<>""),IF(I11=G11,"E",IF(I11>G11,"G","P")),"") | K11: =+'GRUPO A'!K11:K12 -> ATHLETIC MELGAR | M11: =+'GRUPO A'!M11:M12 -> CANCHA 1 B
P12: =" 3) " & VLOOKUP(3,$Z$8:$AI$17,2,0) -> 3) ACADEMIA COOFISAM | Q12: =VLOOKUP(3,$Z$8:$AI$17,3,0) -> 0 | R12: =+SUM(S12:U13) -> 0 | S12: =VLOOKUP(3,$Z$8:$AI$17,4,0) -> 0 | T12: =VLOOKUP(3,$Z$8:$AI$17,5,0) -> 0 | U12: =VLOOKUP(3,$Z$8:$AI$17,6,0) -> 0 | V12: =VLOOKUP(3,$Z$8:$AI$17,7,0) -> 0 | W12: =VLOOKUP(3,$Z$8:$AI$17,8,0) -> 0 | X12: =VLOOKUP(3,$Z$8:$AI$17,9,0) -> 0 | Y12: =VLOOKUP(3,$Z$8:$AI$17,10,0) -> 0 | Z12: =RANK(AJ12,$AJ$8:$AJ$17,0) -> 1 | AA12: =+'GRUPOS PRE JUVENIL'!G9 -> ATHLETIC MELGAR | AB12: =(AC12*3)+AD12 -> 0 | AC12: =COUNTIF(Q44:T44,"G") -> 0 | AD12: =COUNTIF(Q44:T44,"E") -> 0 | AE12: =COUNTIF(Q44:T44,"P") -> 0 | AF12: =+I11+I20+I23+I29 -> 0 | AG12: =+G20+G11+G23+G29 -> 0 | AH12: =AF12-AG12 -> 0 | AI12: =+N11+N20+N23+N29 -> 0 | AJ12: =(AB12*1000)+(AH12*100)+(AF12*10)-AI12+0.3 -> 0.3 | AK12: =+X12 -> 0
B14: =+'GRUPO A'!B14:B15 -> 42811 | C14: =+'GRUPO A'!C14:C15 -> 04:55. p.m. | E14: =+'GRUPO A'!E14:E15 -> CLUB LA REAL | F14: =IF(AND(G14<>"",I14<>""),IF(G14=I14,"E",IF(G14>I14,"G","P")),"") | H14: - | J14: =IF(AND(I14<>"",G14<>""),IF(I14=G14,"E",IF(I14>G14,"G","P")),"") | K14: =+'GRUPO A'!K14:K15 -> ACADEMIA COOFISAM | M14: =+'GRUPO A'!M14:M15 -> CANCHA 1 C
B17: 42813 | C17: 01:20. p.m. | E17: =+'GRUPOS PRE JUVENIL'!G7 -> ACADEMIA COOFISAM | F17: =IF(AND(G17<>"",I17<>""),IF(G17=I17,"E",IF(G17>I17,"G","P")),"") | H17: - | J17: =IF(AND(I17<>"",G17<>""),IF(I17=G17,"E",IF(I17>G17,"G","P")),"") | K17: =+'GRUPOS PRE JUVENIL'!G8 -> INTER SADI F. C. | M17: CANCHA 1 C
B20: 42813 | C20: =+'GRUPO A'!C20:C21 -> 08:40. a.m. | E20: =+'GRUPO A'!E20:E21 -> CLUB LA REAL | F20: =IF(AND(G20<>"",I20<>""),IF(G20=I20,"E",IF(G20>I20,"G","P")),"") | H20: - | J20: =IF(AND(I20<>"",G20<>""),IF(I20=G20,"E",IF(I20>G20,"G","P")),"") | K20: =+'GRUPOS PRE JUVENIL'!G9 -> ATHLETIC MELGAR | M20: =+'GRUPO A'!M20:M21 -> CANCHA 1 A | W20: =IF(AJ6=1,IF(P19="","",P19),IF(SUM(Q8:Q13)>0,VLOOKUP(1,Z8:AA17,2,0),""))
W21: =IF(AJ6=1,IF(P22="","",P22),IF(SUM(Q8:Q13)>0,VLOOKUP(2,Z8:AA17,2,0),""))
W22: =IF(AJ7=1,IF(P23="","",P23),IF(SUM(Q8:Q13)>0,VLOOKUP(3,Z8:AA17,2,0),""))
B23: 42812 | C23: 08:40. p.m. | E23: =+'GRUPOS PRE JUVENIL'!G7 -> ACADEMIA COOFISAM | F23: =IF(AND(G23<>"",I23<>""),IF(G23=I23,"E",IF(G23>I23,"G","P")),"") | H23: - | J23: =IF(AND(I23<>"",G23<>""),IF(I23=G23,"E",IF(I23>G23,"G","P")),"") | K23: =+'GRUPOS PRE JUVENIL'!G9 -> ATHLETIC MELGAR | M23: CANCHA 1 B | W23: =IF(AJ6=1,IF(P24="","",P24),IF(SUM(Q8:Q13)>0,VLOOKUP(4,Z8:AK17,2,0),""))
B26: =+'GRUPO A'!B26:B27 -> 42812 | C26: =+'GRUPO A'!C26:C27 -> 07:00. a.m. | E26: =+'GRUPO A'!E26:E27 -> CLUB DEPORTIVO YIYO MUZO F. C. | F26: =IF(AND(G26<>"",I26<>""),IF(G26=I26,"E",IF(G26>I26,"G","P")),"") | H26: - | J26: =IF(AND(I26<>"",G26<>""),IF(I26=G26,"E",IF(I26>G26,"G","P")),"") | K26: =+'GRUPO A'!K26:K27 -> INTER SADI F. C. | M26: =+'GRUPO A'!M26:M27 -> CANCHA 1 B
B29: 42812 | C29: 03:00. p.m. | E29: =+'GRUPOS PRE JUVENIL'!G8 -> INTER SADI F. C. | F29: =IF(AND(G29<>"",I29<>""),IF(G29=I29,"E",IF(G29>I29,"G","P")),"") | H29: - | J29: =IF(AND(I29<>"",G29<>""),IF(I29=G29,"E",IF(I29>G29,"G","P")),"") | K29: =+'GRUPOS PRE JUVENIL'!G9 -> ATHLETIC MELGAR | M29: CANCHA 1 A
J31: =IF(AG6=1,"Indique el primero y segundo equipos clasificados de la serie:","") | L31: =IF(AG6=1,"Primero:","")
B32: =+'GRUPO A'!B32:B33 -> 42812 | C32: =+'GRUPO A'!C32:C33 -> 03:00. p.m. | E32: =+'GRUPO A'!E32:E33 -> ACADEMIA COOFISAM | F32: =IF(AND(G32<>"",I32<>""),IF(G32=I32,"E",IF(G32>I32,"G","P")),"") | H32: - | J32: =IF(AND(I32<>"",G32<>""),IF(I32=G32,"E",IF(I32>G32,"G","P")),"") | K32: =+'GRUPO A'!K32:K33 -> SPORTLAND LA MESA | M32: =+'GRUPO A'!M32:M33 -> CANCHA 1 B
P42: =+'GRUPOS PRE JUVENIL'!G7 -> ACADEMIA COOFISAM | Q42: =+J14 | R42: =+F17 | S42: =+F23 | T42: =+F32
P43: =+'GRUPOS PRE JUVENIL'!G8 -> INTER SADI F. C. | Q43: =+J8 | R43: =+J17 | S43: =+J26 | T43: =+F29
P44: =+'GRUPOS PRE JUVENIL'!G9 -> ATHLETIC MELGAR | Q44: =+J11 | R44: =+J20 | S44: =+J23 | T44: =+J29

Sheet CALENDARIO
A1: =+'GRUPOS PRE JUVENIL'!D1 -> XIX Festival Nacional de Fútbol Infantil
A2: =+'GRUPOS PRE JUVENIL'!D2 -> “COPA SOCCER MELGAR”
A3: =+'GRUPOS PRE JUVENIL'!D4 -> NACIDOS 2013 2014
A4: =+'GRUPOS PRE JUVENIL'!D3 -> 5 Y 6 ABRIL 2025
A5: CALENDARIO OFICIAL
B6: PARTIDOS fecha 1 | K6: =+'GRUPO A'!P8 -> GRUPO A | L6: =+'GRUPO A'!Q8 -> Pts. | M6: =+'GRUPO A'!R8 -> PJ | N6: =+'GRUPO A'!S8 -> Gan. | O6: =+'GRUPO A'!T8 -> Emp. | P6: =+'GRUPO A'!U8 -> Per. | Q6: =+'GRUPO A'!V8 -> GF | R6: =+'GRUPO A'!W8 -> GC | ... T6: =+'GRUPO A'!Y8 -> Tj
B7: CANCHA | C7: HORA | D7: EQUIPO | E7: MARCADOR | G7: EQUIPO | H7: GRUPO | I7: CATEGORIA | K7: =+'GRUPO A'!P10 -> 1) CLUB LA REAL | L7: =+'GRUPO A'!Q10 -> 0 | M7: =+'GRUPO A'!R10 -> 0 | N7: =+'GRUPO A'!S10 -> 0 | O7: =+'GRUPO A'!T10 -> 0 | P7: =+'GRUPO A'!U10 -> 0 | Q7: =+'GRUPO A'!V10 -> 0 | R7: =+'GRUPO A'!W10 -> 0 | ... T7: =+'GRUPO A'!Y10 -> 0
A8: 45752 | B8: ESTADIO MUNICIPAL SINTETICO (NO GUAYOS) 1A | C8: 0.34722222 | D8: =+'GRUPO A'!E20 -> CLUB LA REAL | E8: =+'GRUPO A'!G20 -> 0 | F8: =+'GRUPO A'!I20 -> 0 | G8: =+'GRUPO A'!K20 -> ATHLETIC MELGAR | H8: INTERGRUPO | I8: =+$A$3 -> NACIDOS 2013 2014 | K8: =+'GRUPO A'!P12 -> 2) CLUB DEPORTIVO YIYO MUZO F. C. | L8: =+'GRUPO A'!Q12 -> 0 | M8: =+'GRUPO A'!R12 -> 0 | N8: =+'GRUPO A'!S12 -> 0 | O8: =+'GRUPO A'!T12 -> 0 | P8: =+'GRUPO A'!U12 -> 0 | Q8: =+'GRUPO A'!V12 -> 0 | R8: =+'GRUPO A'!W12 -> 0 | ... T8: =+'GRUPO A'!Y12 -> 0
A9: 45752 | B9: ESTADIO MUNICIPAL SINTETICO (NO GUAYOS) 1B | C9: 0.34722222 | D9: =+'GRUPO B'!E17 -> ACADEMIA COOFISAM | E9: =+'GRUPO B'!G17 -> 0 | F9: =+'GRUPO B'!I17 -> 0 | G9: =+'GRUPO B'!K17 -> INTER SADI F. C. | H9: =+'GRUPO B'!B4 -> GRUPO B | I9: =+$A$3 -> NACIDOS 2013 2014 | K9: =+'GRUPO A'!P14 -> 3) SPORTLAND LA MESA | L9: =+'GRUPO A'!Q14 -> 0 | M9: =+'GRUPO A'!R14 -> 0 | N9: =+'GRUPO A'!S14 -> 0 | O9: =+'GRUPO A'!T14 -> 0 | P9: =+'GRUPO A'!U14 -> 0 | Q9: =+'GRUPO A'!V14 -> 0 | R9: =+'GRUPO A'!W14 -> 0 | ... T9: =+'GRUPO A'!Y14 -> 0
A10: 45752 | B10: ESTADIO MUNICIPAL SINTETICO (NO GUAYOS) 1A | C10: 0.39583333 | D10: =+'GRUPO A'!E17 -> SPORTLAND LA MESA | E10: =+'GRUPO A'!G17 -> 0 | F10: =+'GRUPO A'!I17 -> 0 | G10: =+'GRUPO A'!K17 -> CLUB DEPORTIVO YIYO MUZO F. C. | H10: =+'GRUPO A'!B4 -> GRUPO A | I10: =+$A$3 -> NACIDOS 2013 2014
B12: PARTIDOS FECHA 2 | K12: =+'GRUPO B'!P6 -> GRUPO B | L12: =+'GRUPO B'!Q6 -> Pts. | M12: =+'GRUPO B'!R6 -> PJ | N12: =+'GRUPO B'!S6 -> Gan. | O12: =+'GRUPO B'!T6 -> Emp. | P12: =+'GRUPO B'!U6 -> Per. | Q12: =+'GRUPO B'!V6 -> GF | R12: =+'GRUPO B'!W6 -> GC | ... T12: =+'GRUPO B'!Y6 -> Tj
B13: CANCHA | C13: HORA | D13: EQUIPO | E13: MARCADOR | G13: EQUIPO | H13: GRUPO | I13: CATEGORIA | K13: =+'GRUPO B'!P8 -> 1) ATHLETIC MELGAR | L13: =+'GRUPO B'!Q8 -> 0 | M13: =+'GRUPO B'!R8 -> 0 | N13: =+'GRUPO B'!S8 -> 0 | O13: =+'GRUPO B'!T8 -> 0 | P13: =+'GRUPO B'!U8 -> 0 | Q13: =+'GRUPO B'!V8 -> 0 | R13: =+'GRUPO B'!W8 -> 0 | ... T13: =+'GRUPO B'!Y8 -> 0
A14: 45752 | B14: ESTADIO MUNICIPAL SINTETICO (NO GUAYOS) 1A | C14: 0.55555556 | D14: =+'GRUPO B'!E23 -> ACADEMIA COOFISAM | E14: =+'GRUPO B'!G23 -> 0 | F14: =+'GRUPO B'!I23 -> 0 | G14: =+'GRUPO B'!K23 -> ATHLETIC MELGAR | H14: =+H9 -> GRUPO B | I14: =+$A$3 -> NACIDOS 2013 2014 | K14: =+'GRUPO B'!P10 -> 2) INTER SADI F. C. | L14: =+'GRUPO B'!Q10 -> 0 | M14: =+'GRUPO B'!R10 -> 0 | N14: =+'GRUPO B'!S10 -> 0 | O14: =+'GRUPO B'!T10 -> 0 | P14: =+'GRUPO B'!U10 -> 0 | Q14: =+'GRUPO B'!V10 -> 0 | R14: =+'GRUPO B'!W10 -> 0 | ... T14: =+'GRUPO B'!Y10 -> 0
A15: 45752 | B15: ESTADIO MUNICIPAL SINTETICO (NO GUAYOS) 1B | C15: 0.55555556 | D15: =+'GRUPO A'!E23 -> SPORTLAND LA MESA | E15: =+'GRUPO A'!G23 -> 0 | F15: =+'GRUPO A'!I23 -> 0 | G15: =+'GRUPO A'!K23 -> CLUB LA REAL | H15: =+H10 -> GRUPO A | I15: =+$A$3 -> NACIDOS 2013 2014 | K15: =+'GRUPO B'!P12 -> 3) ACADEMIA COOFISAM | L15: =+'GRUPO B'!Q12 -> 0 | M15: =+'GRUPO B'!R12 -> 0 | N15: =+'GRUPO B'!S12 -> 0 | O15: =+'GRUPO B'!T12 -> 0 | P15: =+'GRUPO B'!U12 -> 0 | Q15: =+'GRUPO B'!V12 -> 0 | R15: =+'GRUPO B'!W12 -> 0 | ... T15: =+'GRUPO B'!Y12 -> 0
A16: 45752 | B16: ESTADIO MUNICIPAL SINTETICO (NO GUAYOS) 1A | C16: 0.60416667 | D16: =+'GRUPO A'!E26 -> CLUB DEPORTIVO YIYO MUZO F. C. | E16: =+'GRUPO A'!G26 -> 0 | F16: =+'GRUPO A'!I26 -> 0 | G16: =+'GRUPO A'!K26 -> INTER SADI F. C. | H16: INTERGRUPO | I16: =+$A$3 -> NACIDOS 2013 2014
B18: PARTIDOS fecha 3
B19: CANCHA | C19: HORA | D19: EQUIPO | E19: MARCADOR | G19: EQUIPO | H19: GRUPO | I19: CATEGORIA
A20: 45753 | B20: ESTADIO MUNICIPAL SINTETICO (NO GUAYOS) 1A | C20: 0.28472222 | D20: =+'GRUPO A'!E32 -> ACADEMIA COOFISAM | E20: =+'GRUPO A'!G32 -> 0 | F20: =+'GRUPO A'!I32 -> 0 | G20: =+'GRUPO A'!K32 -> SPORTLAND LA MESA | H20: INTERGRUPO | I20: =+$A$3 -> NACIDOS 2013 2014 | Y20: CASETABLA SINTETICA (NO GUAYOS) 1B
A21: 45753 | B21: ESTADIO MUNICIPAL SINTETICO (NO GUAYOS) 1B | C21: 0.28472222 | D21: =+'GRUPO A'!E29 -> CLUB LA REAL | E21: =+'GRUPO A'!G29 -> 0 | F21: =+'GRUPO A'!I29 -> 0 | G21: =+'GRUPO A'!K29 -> CLUB DEPORTIVO YIYO MUZO F. C. | H21: =+'GRUPO A'!B4 -> GRUPO A | I21: =+$A$3 -> NACIDOS 2013 2014
A22: 45753 | B22: ESTADIO MUNICIPAL SINTETICO (NO GUAYOS) 1A | C22: 0.34027778 | D22: =+'GRUPO B'!E29 -> INTER SADI F. C. | E22: =+'GRUPO B'!G29 -> 0 | F22: =+'GRUPO B'!I29 -> 0 | G22: =+'GRUPO B'!K29 -> ATHLETIC MELGAR | H22: =+'GRUPO B'!B4 -> GRUPO B | I22: =+$A$3 -> NACIDOS 2013 2014
B24: PARTIDOS FECHA 4
B25: CANCHA | C25: HORA | D25: EQUIPO | E25: MARCADOR | G25: EQUIPO | H25: LLAVE | I25: CATEGORIA
A26: 45753 | B26: ESTADIO MUNICIPAL SINTETICO (NO GUAYOS) 1A | C26: 0.52777778 | D26: TERCERO GRUPO A | E26: =+'[1]GRUPO B'!Q20 -> 0 | F26: =+'[1]GRUPO B'!S20 -> 0 | G26: TERCERO GRUPO B | H26: FINAL COPA BRONCE | I26: =+$A$3 -> NACIDOS 2013 2014
A27: 45753 | B27: ESTADIO MUNICIPAL SINTETICO (NO GUAYOS) 1B | C27: 0.58333333 | D27: SEGUNDO GRUPO A | E27: =+'[1]GRUPO A'!Q26 -> 0 | F27: =+'[1]GRUPO A'!S26 -> 0 | G27: SEGUNDO GRUPO B | H27: FINAL COPA PLATA | I27: =+$A$3 -> NACIDOS 2013 2014
A28: 45753 | B28: ESTADIO MUNICIPAL SINTETICO (NO GUAYOS) 1A | C28: 0.58333333 | D28: PRIMERO GRUPO A | E28: =+'[1]GRUPO A'!Q29 -> 0 | F28: =+'[1]GRUPO A'!S29 -> 0 | G28: PRIMERO GRUPO B | H28: FINAL COPA ORO | I28: =+$A$3 -> NACIDOS 2013 2014

Sheet Hoja1
C1: =+'GRUPOS PRE JUVENIL'!D1 -> XIX Festival Nacional de Fútbol Infantil
C2: =+'GRUPOS PRE JUVENIL'!D2 -> “COPA SOCCER MELGAR”
C3: =+'GRUPOS PRE JUVENIL'!D3 -> 5 Y 6 ABRIL 2025
C4: =+'GRUPOS PRE JUVENIL'!D4 -> NACIDOS 2013 2014
C5: FASE GRUPOS
F7: GRUPO A | H7: GRUPO B
F8: 1 | H8: 4
F9: 2 | H9: 5
F10: 3 | H10: 6
D12: FECHA 1
D14: # 3 GRUPO A | G14: vs | H14: # 6 GRUPO B
D16: 4 | G16: vs | H16: 5
D18: 1 | G18: vs | H18: 2
D20: FECHA 2
D22: # 2 GRUPO A | G22: vs | H22: # 5 GRUPO B
D24: 4 | G24: vs | H24: 6
D26: 1 | G26: vs | H26: 3
D28: FECHA 3
D30: # 4 GRUPO B | G30: vs | H30: # 1 GRUPO A
D32: 3 | G32: vs | H32: 2
D34: 5 | G34: vs | H34: 6
D36: PARTIDOS EN ESTE COLOR SON DE INTERGRUPO
D38: CUARTA FECHA
D39: TERCERO GRUPO A | G39: vs | H39: TERCERO GRUPO B
D40: SEGUNDO GRUPO A | H40: SEGUNDO GRUPO B
D41: PRIMERO GRUPO A | G41: vs | H41: PRIMERO GRUPO B
G43: vs

Sheet IMPRIMIR (A-B) 1-2
A1: =+'GRUPOS PRE JUVENIL'!B1:J1 -> #VALUE!
A2: “COPA FUTURO TALENTO”
D3: =+'GRUPOS PRE JUVENIL'!C6 -> 0
D4: =+'GRUPOS PRE JUVENIL'!C7 -> 0
D5: =+'GRUPOS PRE JUVENIL'!C8 -> 0
D6: =+'GRUPOS PRE JUVENIL'!C9 -> 0
D7: =+'GRUPOS PRE JUVENIL'!C10 -> 0
D8: =+'GRUPOS PRE JUVENIL'!C11 -> 0
B10: =+'GRUPOS PRE JUVENIL'!D3 -> 5 Y 6 ABRIL 2025
B11: =+'GRUPOS PRE JUVENIL'!D4 -> NACIDOS 2013 2014
A12: =+#REF! -> #REF!
A14: PARTIDOS fecha 1- fecha 2
P15: º
A16: =+#REF! -> #REF! | B16: =+#REF! -> #REF! | C16: =+#REF! -> #REF! | E16: =IF(AND(F16<>"",H16<>""),IF(F16=H16,"E",IF(F16>H16,"G","P")),"") -> #REF! | F16: 1 | G16: - | H16: =+#REF! -> #REF! | I16: =IF(AND(H16<>"",F16<>""),IF(H16=F16,"E",IF(H16>F16,"G","P")),"") -> #REF! | J16: =+#REF! -> #REF! | M16: =+#REF! -> #REF!
A19: =+#REF! -> #REF! | B19: =+#REF! -> #REF! | C19: =+#REF! -> #REF! | E19: =IF(AND(F19<>"",H19<>""),IF(F19=H19,"E",IF(F19>H19,"G","P")),"") -> #REF! | F19: =+#REF! -> #REF! | G19: - | H19: =+#REF! -> #REF! | I19: =IF(AND(H19<>"",F19<>""),IF(H19=F19,"E",IF(H19>F19,"G","P")),"") -> #REF! | J19: =+#REF! -> #REF! | M19: =+#REF! -> #REF!
A21: =+#REF! -> #REF! | B21: =+#REF! -> #REF! | C21: =+#REF! -> #REF! | E21: =IF(AND(F21<>"",H21<>""),IF(F21=H21,"E",IF(F21>H21,"G","P")),"") -> E | F21: 0 | G21: - | H21: 0 | I21: =IF(AND(H21<>"",F21<>""),IF(H21=F21,"E",IF(H21>F21,"G","P")),"") -> E | J21: =+#REF! -> #REF! | M21: =+#REF! -> #REF!
A23: =+#REF! -> #REF! | B23: =+#REF! -> #REF! | C23: =+#REF! -> #REF! | E23: =IF(AND(F23<>"",H23<>""),IF(F23=H23,"E",IF(F23>H23,"G","P")),"") -> #REF! | F23: =+#REF! -> #REF! | G23: - | H23: =+#REF! -> #REF! | I23: =IF(AND(H23<>"",F23<>""),IF(H23=F23,"E",IF(H23>F23,"G","P")),"") -> #REF! | J23: =+#REF! -> #REF! | M23: =+#REF! -> #REF!
A25: =+#REF! -> #REF! | B25: =+#REF! -> #REF! | C25: =+#REF! -> #REF! | E25: =IF(AND(F25<>"",H25<>""),IF(F25=H25,"E",IF(F25>H25,"G","P")),"") -> #REF! | F25: =+#REF! -> #REF! | G25: - | H25: =+#REF! -> #REF! | I25: =IF(AND(H25<>"",F25<>""),IF(H25=F25,"E",IF(H25>F25,"G","P")),"") -> #REF! | J25: =+#REF! -> #REF! | M25: =+#REF! -> #REF!
D28: =+'GRUPOS PRE JUVENIL'!E6 -> GRUPO A
D29: =+'GRUPOS PRE JUVENIL'!E7 -> SPORTLAND LA MESA
D30: =+'GRUPOS PRE JUVENIL'!E8 -> CLUB DEPORTIVO YIYO MUZO F. C.
D31: =+'GRUPOS PRE JUVENIL'!E9 -> CLUB LA REAL
D32: =+'GRUPOS PRE JUVENIL'!#REF! -> #REF!
D33: =+'GRUPOS PRE JUVENIL'!#REF! -> #REF!
A35: =+'GRUPOS PRE JUVENIL'!E6 -> GRUPO A
A37: PARTIDOS fecha 1- fecha 2
A39: =+'GRUPO A'!B14 -> 42811 | B39: =+#REF! -> #REF! | C39: =+'GRUPO A'!E14 -> CLUB LA REAL | E39: =IF(AND(F39<>"",H39<>""),IF(F39=H39,"E",IF(F39>H39,"G","P")),"") -> E | F39: =+'GRUPO A'!G14 -> 0 | G39: - | H39: =+'GRUPO A'!I14 -> 0 | I39: =IF(AND(H39<>"",F39<>""),IF(H39=F39,"E",IF(H39>F39,"G","P")),"") -> E | J39: =+'GRUPO A'!K14 -> ACADEMIA COOFISAM | M39: =+'GRUPO A'!M14 -> CANCHA 1 C
A41: =+'GRUPO A'!B8 -> 42811 | B41: =+'GRUPO A'!C8 -> 04:55. p.m. | C41: =+'GRUPO A'!E8 -> SPORTLAND LA MESA | E41: =IF(AND(F41<>"",H41<>""),IF(F41=H41,"E",IF(F41>H41,"G","P")),"") -> E | F41: =+'GRUPO A'!G8 -> 0 | G41: - | H41: =+'GRUPO A'!I8 -> 0 | I41: =IF(AND(H41<>"",F41<>""),IF(H41=F41,"E",IF(H41>F41,"G","P")),"") -> E | J41: =+'GRUPO A'!K8 -> INTER SADI F. C. | M41: =+'GRUPO A'!M8 -> CANCHA 1 A
A43: =+'GRUPO A'!B11 -> 42811 | B43: =+'GRUPO A'!C11 -> 04:55. p.m. | C43: =+'GRUPO A'!E11 -> CLUB DEPORTIVO YIYO MUZO F. C. | E43: =IF(AND(F43<>"",H43<>""),IF(F43=H43,"E",IF(F43>H43,"G","P")),"") -> E | F43: =+'GRUPO A'!G11 -> 0 | G43: - | H43: =+'GRUPO A'!I11 -> 0 | I43: =IF(AND(H43<>"",F43<>""),IF(H43=F43,"E",IF(H43>F43,"G","P")),"") -> E | J43: =+'GRUPO A'!K11 -> ATHLETIC MELGAR | M43: =+'GRUPO A'!M11 -> CANCHA 1 B
A45: =+'GRUPO A'!B17 -> 42813 | B45: =+'GRUPO A'!C20 -> 08:40. a.m. | C45: =+'GRUPO A'!E20 -> CLUB LA REAL | E45: =IF(AND(F45<>"",H45<>""),IF(F45=H45,"E",IF(F45>H45,"G","P")),"") -> E | F45: =+'GRUPO A'!G20 -> 0 | G45: - | H45: =+'GRUPO A'!I20 -> 0 | I45: =IF(AND(H45<>"",F45<>""),IF(H45=F45,"E",IF(H45>F45,"G","P")),"") -> E | J45: =+'GRUPO A'!K20 -> ATHLETIC MELGAR | M45: =+'GRUPO A'!M20 -> CANCHA 1 A
A47: =+'GRUPO A'!B26 -> 42812 | B47: =+'GRUPO A'!C26 -> 07:00. a.m. | C47: =+'GRUPO A'!E17 -> SPORTLAND LA MESA | E47: =IF(AND(F47<>"",H47<>""),IF(F47=H47,"E",IF(F47>H47,"G","P")),"") -> E | F47: =+'GRUPO A'!G17 -> 0 | G47: - | H47: =+'GRUPO A'!I17 -> 0 | I47: =IF(AND(H47<>"",F47<>""),IF(H47=F47,"E",IF(H47>F47,"G","P")),"") -> E | J47: =+'GRUPO A'!K17 -> CLUB DEPORTIVO YIYO MUZO F. C. | M47: =+'GRUPO A'!M17 -> CANCHA 1 A
A49: NOTA: LA ORGANIZACIÓN DEL TORNEO NO SE HACE RESPONSABLE DE ACCIDENTES O PERDIDA DE ELEMENTOS DURANTE EL TRANSCURSO DEL TORNEO. Les recordamos traer el seguro de salud de los deportistas. Tarjeta de identidad Original, Registro Civil.
A54: Sede Administrativa Cra 13 No 6-43 Barrio La Florida
A55: Celular 310 241 33 76 Fijo 2 450 593
A56: soccermelgar@outlook.com
A57: Melgar - Tolima

Sheet IMPRIMIR (C-D) 1-2.
A1: =+'IMPRIMIR (A-B) 1-2'!A1:M1 -> #VALUE!
A2: “COPA FUTURO TALENTO”
D3: =+'GRUPOS PRE JUVENIL'!G6 -> GRUPO B
D4: =+'GRUPOS PRE JUVENIL'!G7 -> ACADEMIA COOFISAM
D5: =+'GRUPOS PRE JUVENIL'!G8 -> INTER SADI F. C.
D6: =+'GRUPOS PRE JUVENIL'!G9 -> ATHLETIC MELGAR
D7: =+'GRUPOS PRE JUVENIL'!G10 -> 0
D8: =+'GRUPOS PRE JUVENIL'!G11 -> 0
B10: =+'GRUPOS PRE JUVENIL'!D3 -> 5 Y 6 ABRIL 2025
B11: =+'GRUPOS PRE JUVENIL'!D4 -> NACIDOS 2013 2014
A12: =+'GRUPOS PRE JUVENIL'!G6 -> GRUPO B
A14: PARTIDOS fecha 1- fecha 2
A16: =+'GRUPO B'!B8 -> 42811 | B16: =+'GRUPO B'!C8 -> 04:55. p.m. | C16: =+'GRUPO B'!E8 -> SPORTLAND LA MESA | E16: =IF(AND(F16<>"",H16<>""),IF(F16=H16,"E",IF(F16>H16,"G","P")),"") -> E | F16: =+'GRUPO B'!G8 -> 0 | G16: - | H16: =+'GRUPO B'!I8 -> 0 | I16: =IF(AND(H16<>"",F16<>""),IF(H16=F16,"E",IF(H16>F16,"G","P")),"") -> E | J16: =+'GRUPO B'!K8 -> INTER SADI F. C. | M16: =+'GRUPO B'!M8 -> CANCHA 1 A
A19: =+'GRUPO B'!B11 -> 42811 | B19: =+'GRUPO B'!C11 -> 04:55. p.m. | C19: =+'GRUPO B'!E11 -> CLUB DEPORTIVO YIYO MUZO F. C. | E19: =IF(AND(F19<>"",H19<>""),IF(F19=H19,"E",IF(F19>H19,"G","P")),"") -> E | F19: =+'GRUPO B'!G11 -> 0 | G19: - | H19: =+'GRUPO B'!I11 -> 0 | I19: =IF(AND(H19<>"",F19<>""),IF(H19=F19,"E",IF(H19>F19,"G","P")),"") -> E | J19: =+'GRUPO B'!K11 -> ATHLETIC MELGAR | M19: =+'GRUPO B'!M11 -> CANCHA 1 B
A21: =+'GRUPO B'!B14 -> 42811 | B21: =+'GRUPO B'!C14 -> 04:55. p.m. | C21: =+'GRUPO B'!E14 -> CLUB LA REAL | E21: =IF(AND(F21<>"",H21<>""),IF(F21=H21,"E",IF(F21>H21,"G","P")),"") -> E | F21: =+'GRUPO B'!G14 -> 0 | G21: - | H21: =+'GRUPO B'!I14 -> 0 | I21: =IF(AND(H21<>"",F21<>""),IF(H21=F21,"E",IF(H21>F21,"G","P")),"") -> E | J21: =+'GRUPO B'!K14 -> ACADEMIA COOFISAM | M21: =+'GRUPO B'!M14 -> CANCHA 1 C
A23: =+'GRUPO B'!B17 -> 42813 | B23: =+'GRUPO B'!C17 -> 01:20. p.m. | C23: =+'GRUPO B'!E17 -> ACADEMIA COOFISAM | E23: =IF(AND(F23<>"",H23<>""),IF(F23=H23,"E",IF(F23>H23,"G","P")),"") -> E | F23: =+'GRUPO B'!G17 -> 0 | G23: - | H23: =+'GRUPO B'!I17 -> 0 | I23: =IF(AND(H23<>"",F23<>""),IF(H23=F23,"E",IF(H23>F23,"G","P")),"") -> E | J23: =+'GRUPO B'!K17 -> INTER SADI F. C. | M23: =+'GRUPO B'!M17 -> CANCHA 1 C
A25: =+'GRUPO B'!B20 -> 42813 | B25: =+'GRUPO B'!C20 -> 08:40. a.m. | C25: =+'GRUPO B'!E20 -> CLUB LA REAL | E25: =IF(AND(F25<>"",H25<>""),IF(F25=H25,"E",IF(F25>H25,"G","P")),"") -> E | F25: =+'GRUPO B'!G20 -> 0 | G25: - | H25: =+'GRUPO B'!I20 -> 0 | I25: =IF(AND(H25<>"",F25<>""),IF(H25=F25,"E",IF(H25>F25,"G","P")),"") -> E | J25: =+'GRUPO B'!K20 -> ATHLETIC MELGAR | M25: =+'GRUPO B'!M20 -> CANCHA 1 A
D28: =+'GRUPOS PRE JUVENIL'!I6 -> 0
D29: =+'GRUPOS PRE JUVENIL'!I7 -> 0
D30: =+'GRUPOS PRE JUVENIL'!I8 -> 0
D31: =+'GRUPOS PRE JUVENIL'!#REF! -> #REF!
D32: =+'GRUPOS PRE JUVENIL'!I10 -> 0
D33: =+'GRUPOS PRE JUVENIL'!I11 -> 0
A35: =+'GRUPOS PRE JUVENIL'!I6 -> 0
A37: PARTIDOS fecha 1- fecha 2
A39: =+#REF! -> #REF! | B39: =+#REF! -> #REF! | C39: =+#REF! -> #REF! | E39: =IF(AND(F39<>"",H39<>""),IF(F39=H39,"E",IF(F39>H39,"G","P")),"") -> #REF! | F39: =+#REF! -> #REF! | G39: - | H39: =+#REF! -> #REF! | I39: =IF(AND(H39<>"",F39<>""),IF(H39=F39,"E",IF(H39>F39,"G","P")),"") -> #REF! | J39: =+#REF! -> #REF! | M39: =+#REF! -> #REF!
A42: =+#REF! -> #REF! | B42: =+#REF! -> #REF! | C42: =+#REF! -> #REF! | E42: =IF(AND(F42<>"",H42<>""),IF(F42=H42,"E",IF(F42>H42,"G","P")),"") -> #REF! | F42: =+#REF! -> #REF! | G42: - | H42: =+#REF! -> #REF! | I42: =IF(AND(H42<>"",F42<>""),IF(H42=F42,"E",IF(H42>F42,"G","P")),"") -> #REF! | J42: =+#REF! -> #REF! | M42: =+#REF! -> #REF!
A44: =+#REF! -> #REF! | B44: =+#REF! -> #REF! | C44: =+#REF! -> #REF! | E44: =IF(AND(F44<>"",H44<>""),IF(F44=H44,"E",IF(F44>H44,"G","P")),"") -> #REF! | F44: =+#REF! -> #REF! | G44: - | H44: =+#REF! -> #REF! | I44: =IF(AND(H44<>"",F44<>""),IF(H44=F44,"E",IF(H44>F44,"G","P")),"") -> #REF! | J44: =+#REF! -> #REF! | M44: =+#REF! -> #REF!
A46: =+#REF! -> #REF! | B46: =+#REF! -> #REF! | C46: =+#REF! -> #REF! | E46: =IF(AND(F46<>"",H46<>""),IF(F46=H46,"E",IF(F46>H46,"G","P")),"") -> #REF! | F46: =+#REF! -> #REF! | G46: - | H46: =+#REF! -> #REF! | I46: =IF(AND(H46<>"",F46<>""),IF(H46=F46,"E",IF(H46>F46,"G","P")),"") -> #REF! | J46: =+#REF! -> #REF! | M46: =+#REF! -> #REF!
A48: =+#REF! -> #REF! | B48: =+#REF! -> #REF! | C48: =+#REF! -> #REF! | E48: =IF(AND(F48<>"",H48<>""),IF(F48=H48,"E",IF(F48>H48,"G","P")),"") -> #REF! | F48: =+#REF! -> #REF! | G48: - | H48: =+#REF! -> #REF! | I48: =IF(AND(H48<>"",F48<>""),IF(H48=F48,"E",IF(H48>F48,"G","P")),"") -> #REF! | J48: =+#REF! -> #REF! | M48: =+#REF! -> #REF!
A50: NOTA: LA ORGANIZACIÓN DEL TORNEO NO SE HACE RESPONSABLE DE ACCIDENTES O PERDIDA DE ELEMENTOS DURANTE EL TRANSCURSO DEL TORNEO. Les recordamos traer el seguro de salud de los deportistas. Tarjeta de identidad Original, Registro Civil.
A55: Sede Administrativa Cra 13 No 6-43 Barrio La Florida
A56: Celular 310 241 33 76 Fijo 2 450 593
A57: soccermelgar@outlook.com
A58: Melgar - Tolima

Sheet IMPRIMIR (A-B) 3-4
A1: =+'IMPRIMIR (A-B) 1-2'!A1:M1 -> #VALUE!
A2: “COPA FUTURO TALENTO”
D3: =+'GRUPOS PRE JUVENIL'!C6 -> 0
D4: =+'GRUPOS PRE JUVENIL'!C7 -> 0
D5: =+'GRUPOS PRE JUVENIL'!C8 -> 0
D6: =+'GRUPOS PRE JUVENIL'!C9 -> 0
D7: =+'GRUPOS PRE JUVENIL'!C10 -> 0
D8: =+'GRUPOS PRE JUVENIL'!C11 -> 0
B10: =+'GRUPOS PRE JUVENIL'!D3 -> 5 Y 6 ABRIL 2025
B11: =+'GRUPOS PRE JUVENIL'!D4 -> NACIDOS 2013 2014
A12: =+'GRUPOS PRE JUVENIL'!C6 -> 0
A14: PARTIDOS fecha 3- fecha 4
A16: =+#REF! -> #REF! | B16: =+#REF! -> #REF! | C16: =+#REF! -> #REF! | E16: =IF(AND(F16<>"",H16<>""),IF(F16=H16,"E",IF(F16>H16,"G","P")),"") -> #REF! | F16: =+#REF! -> #REF! | G16: - | H16: =+#REF! -> #REF! | I16: =IF(AND(H16<>"",F16<>""),IF(H16=F16,"E",IF(H16>F16,"G","P")),"") -> #REF! | J16: =+#REF! -> #REF! | M16: =+#REF! -> #REF!
A19: =+#REF! -> #REF! | B19: =+#REF! -> #REF! | C19: =+#REF! -> #REF! | E19: =IF(AND(F19<>"",H19<>""),IF(F19=H19,"E",IF(F19>H19,"G","P")),"") -> #REF! | F19: =+#REF! -> #REF! | G19: - | H19: =+#REF! -> #REF! | I19: =IF(AND(H19<>"",F19<>""),IF(H19=F19,"E",IF(H19>F19,"G","P")),"") -> #REF! | J19: =+#REF! -> #REF! | M19: =+#REF! -> #REF!
A21: =+#REF! -> #REF! | B21: =+#REF! -> #REF! | C21: =+#REF! -> #REF! | E21: =IF(AND(F21<>"",H21<>""),IF(F21=H21,"E",IF(F21>H21,"G","P")),"") -> #REF! | F21: =+#REF! -> #REF! | G21: - | H21: =+#REF! -> #REF! | I21: =IF(AND(H21<>"",F21<>""),IF(H21=F21,"E",IF(H21>F21,"G","P")),"") -> #REF! | J21: =+#REF! -> #REF! | M21: =+#REF! -> #REF!
A23: =+#REF! -> #REF! | B23: =+#REF! -> #REF! | C23: =+#REF! -> #REF! | E23: =IF(AND(F23<>"",H23<>""),IF(F23=H23,"E",IF(F23>H23,"G","P")),"") -> #REF! | F23: =+#REF! -> #REF! | G23: - | H23: =+#REF! -> #REF! | I23: =IF(AND(H23<>"",F23<>""),IF(H23=F23,"E",IF(H23>F23,"G","P")),"") -> #REF! | J23: =+#REF! -> #REF! | M23: =+#REF! -> #REF!
A25: =+#REF! -> #REF! | B25: =+#REF! -> #REF! | C25: =+#REF! -> #REF! | E25: =IF(AND(F25<>"",H25<>""),IF(F25=H25,"E",IF(F25>H25,"G","P")),"") -> #REF! | F25: =+#REF! -> #REF! | G25: - | H25: =+#REF! -> #REF! | I25: =IF(AND(H25<>"",F25<>""),IF(H25=F25,"E",IF(H25>F25,"G","P")),"") -> #REF! | J25: =+#REF! -> #REF! | M25: =+#REF! -> #REF!
D28: =+'GRUPOS PRE JUVENIL'!E6 -> GRUPO A
D29: =+'GRUPOS PRE JUVENIL'!E7 -> SPORTLAND LA MESA
D30: =+'GRUPOS PRE JUVENIL'!E8 -> CLUB DEPORTIVO YIYO MUZO F. C.
D31: =+'GRUPOS PRE JUVENIL'!E9 -> CLUB LA REAL
D32: =+'GRUPOS PRE JUVENIL'!#REF! -> #REF!
D33: =+'GRUPOS PRE JUVENIL'!#REF! -> #REF!
A36: =+'GRUPOS PRE JUVENIL'!E6 -> GRUPO A
A38: PARTIDOS fecha 3- fecha 4
A40: =+'GRUPO A'!B26 -> 42812 | B40: =+'GRUPO A'!C26 -> 07:00. a.m. | C40: =+'GRUPO A'!E26 -> CLUB DEPORTIVO YIYO MUZO F. C. | E40: =IF(AND(F40<>"",H40<>""),IF(F40=H40,"E",IF(F40>H40,"G","P")),"") -> E | F40: =+'GRUPO A'!G26 -> 0 | G40: - | H40: =+'GRUPO A'!I26 -> 0 | I40: =IF(AND(H40<>"",F40<>""),IF(H40=F40,"E",IF(H40>F40,"G","P")),"") -> E | J40: =+'GRUPO A'!K26 -> INTER SADI F. C. | M40: =+'GRUPO A'!M26 -> CANCHA 1 B
A43: =+'GRUPO A'!B23 -> 42813 | B43: =+'GRUPO A'!C23 -> 01:20. p.m. | C43: =+'GRUPO A'!E23 -> SPORTLAND LA MESA | E43: =IF(AND(F43<>"",H43<>""),IF(F43=H43,"E",IF(F43>H43,"G","P")),"") -> E | F43: =+'GRUPO A'!G23 -> 0 | G43: - | H43: =+'GRUPO A'!I23 -> 0 | I43: =IF(AND(H43<>"",F43<>""),IF(H43=F43,"E",IF(H43>F43,"G","P")),"") -> E | J43: =+'GRUPO A'!K23 -> CLUB LA REAL | M43: =+'GRUPO A'!M23 -> CANCHA 1 A
A45: =+'GRUPO A'!B35 -> 0 | B45: =+'GRUPO A'!C35 -> 0 | C45: =+'GRUPO A'!E35 -> 0 | E45: =IF(AND(F45<>"",H45<>""),IF(F45=H45,"E",IF(F45>H45,"G","P")),"") -> E | F45: =+'GRUPO A'!G35 -> 0 | G45: - | H45: =+'GRUPO A'!I35 -> 0 | I45: =IF(AND(H45<>"",F45<>""),IF(H45=F45,"E",IF(H45>F45,"G","P")),"") -> E | J45: =+'GRUPO A'!K35 -> 0 | M45: =+'GRUPO A'!M35 -> 0
A47: =+'GRUPO A'!B32 -> 42812 | B47: =+'GRUPO A'!C32 -> 03:00. p.m. | C47: =+'GRUPO A'!E32 -> ACADEMIA COOFISAM | E47: =IF(AND(F47<>"",H47<>""),IF(F47=H47,"E",IF(F47>H47,"G","P")),"") -> E | F47: =+'GRUPO A'!G32 -> 0 | G47: - | H47: =+'GRUPO A'!I32 -> 0 | I47: =IF(AND(H47<>"",F47<>""),IF(H47=F47,"E",IF(H47>F47,"G","P")),"") -> E | J47: =+'GRUPO A'!K32 -> SPORTLAND LA MESA | M47: =+'GRUPO A'!M32 -> CANCHA 1 B
A49: =+'GRUPO A'!B29 -> 42812 | B49: =+'GRUPO A'!C29 -> 03:00. p.m. | C49: =+'GRUPO A'!E29 -> CLUB LA REAL | E49: =IF(AND(F49<>"",H49<>""),IF(F49=H49,"E",IF(F49>H49,"G","P")),"") -> E | F49: =+'GRUPO A'!G29 -> 0 | G49: - | H49: =+'GRUPO A'!I29 -> 0 | I49: =IF(AND(H49<>"",F49<>""),IF(H49=F49,"E",IF(H49>F49,"G","P")),"") -> E | J49: =+'GRUPO A'!K29 -> CLUB DEPORTIVO YIYO MUZO F. C. | M49: =+'GRUPO A'!M29 -> CANCHA 1 C
A51: NOTA: LA ORGANIZACIÓN DEL TORNEO NO SE HACE RESPONSABLE DE ACCIDENTES O PERDIDA DE ELEMENTOS DURANTE EL TRANSCURSO DEL TORNEO. Les recordamos traer el seguro de salud de los deportistas. Tarjeta de identidad Original, Registro Civil.
A56: Sede Administrativa Cra 13 No 6-43 Barrio La Florida
A57: Celular 310 241 33 76 Fijo 2 450 593
A58: soccermelgar@outlook.com
A59: Melgar - Tolima

Sheet IMPRIMIR (C-D)3-4.
A1: =+'GRUPOS PRE JUVENIL'!B1:J1 -> #VALUE!
A2: “COPA FUTURO TALENTO”
D3: =+'GRUPOS PRE JUVENIL'!G6 -> GRUPO B
D4: =+'GRUPOS PRE JUVENIL'!G7 -> ACADEMIA COOFISAM
D5: =+'GRUPOS PRE JUVENIL'!G8 -> INTER SADI F. C.
D6: =+'GRUPOS PRE JUVENIL'!G9 -> ATHLETIC MELGAR
D7: =+'GRUPOS PRE JUVENIL'!G10 -> 0
D8: =+'GRUPOS PRE JUVENIL'!G11 -> 0
B10: =+'GRUPOS PRE JUVENIL'!D3 -> 5 Y 6 ABRIL 2025
B11: =+'GRUPOS PRE JUVENIL'!D4 -> NACIDOS 2013 2014
A12: =+'GRUPOS PRE JUVENIL'!G6 -> GRUPO B
A14: PARTIDOS fecha 3- fecha 4
P15: º
A16: =+'GRUPO B'!B35 -> 0 | B16: =+'GRUPO B'!C35 -> 0 | C16: =+'GRUPO B'!E35 -> 0 | E16: =IF(AND(F16<>"",H16<>""),IF(F16=H16,"E",IF(F16>H16,"G","P")),"") -> E | F16: =+'GRUPO B'!G35 -> 0 | G16: - | H16: =+'GRUPO B'!I35 -> 0 | I16: =IF(AND(H16<>"",F16<>""),IF(H16=F16,"E",IF(H16>F16,"G","P")),"") -> E | J16: =+'GRUPO B'!K35 -> 0 | M16: =+'GRUPO B'!M35 -> 0
A19: =+'GRUPO B'!B23 -> 42812 | B19: =+'GRUPO B'!C23 -> 08:40. p.m. | C19: =+'GRUPO B'!E23 -> ACADEMIA COOFISAM | E19: =IF(AND(F19<>"",H19<>""),IF(F19=H19,"E",IF(F19>H19,"G","P")),"") -> E | F19: =+'GRUPO B'!G23 -> 0 | G19: - | H19: =+'GRUPO B'!I23 -> 0 | I19: =IF(AND(H19<>"",F19<>""),IF(H19=F19,"E",IF(H19>F19,"G","P")),"") -> E | J19: =+'GRUPO B'!K23 -> ATHLETIC MELGAR | M19: =+'GRUPO B'!M23 -> CANCHA 1 B
A21: =+'GRUPO B'!B26 -> 42812 | B21: =+'GRUPO B'!C26 -> 07:00. a.m. | C21: =+'GRUPO B'!E26 -> CLUB DEPORTIVO YIYO MUZO F. C. | E21: =IF(AND(F21<>"",H21<>""),IF(F21=H21,"E",IF(F21>H21,"G","P")),"") -> E | F21: =+'GRUPO B'!G26 -> 0 | G21: - | H21: =+'GRUPO B'!I26 -> 0 | I21: =IF(AND(H21<>"",F21<>""),IF(H21=F21,"E",IF(H21>F21,"G","P")),"") -> E | J21: =+'GRUPO B'!K26 -> INTER SADI F. C. | M21: =+'GRUPO B'!M26 -> CANCHA 1 B
A23: =+'GRUPO B'!B29 -> 42812 | B23: =+'GRUPO B'!C29 -> 03:00. p.m. | C23: =+'GRUPO B'!E29 -> INTER SADI F. C. | E23: =IF(AND(F23<>"",H23<>""),IF(F23=H23,"E",IF(F23>H23,"G","P")),"") -> E | F23: =+'GRUPO B'!G29 -> 0 | G23: - | H23: =+'GRUPO B'!I29 -> 0 | I23: =IF(AND(H23<>"",F23<>""),IF(H23=F23,"E",IF(H23>F23,"G","P")),"") -> E | J23: =+'GRUPO B'!K29 -> ATHLETIC MELGAR | M23: =+'GRUPO B'!M29 -> CANCHA 1 A
A25: =+'GRUPO B'!B32 -> 42812 | B25: =+'GRUPO B'!C32 -> 03:00. p.m. | C25: =+'GRUPO B'!E32 -> ACADEMIA COOFISAM | E25: =IF(AND(F25<>"",H25<>""),IF(F25=H25,"E",IF(F25>H25,"G","P")),"") -> E | F25: =+'GRUPO B'!G32 -> 0 | G25: - | H25: =+'GRUPO B'!I32 -> 0 | I25: =IF(AND(H25<>"",F25<>""),IF(H25=F25,"E",IF(H25>F25,"G","P")),"") -> E | J25: =+'GRUPO B'!K32 -> SPORTLAND LA MESA | M25: =+'GRUPO B'!M32 -> CANCHA 1 B
D28: =+'GRUPOS PRE JUVENIL'!I6 -> 0
D29: =+'GRUPOS PRE JUVENIL'!I7 -> 0
D30: =+'GRUPOS PRE JUVENIL'!I8 -> 0
D31: =+'GRUPOS PRE JUVENIL'!#REF! -> #REF!
D32: =+'GRUPOS PRE JUVENIL'!I10 -> 0
D33: =+'GRUPOS PRE JUVENIL'!I11 -> 0
A35: =+'GRUPOS PRE JUVENIL'!I6 -> 0
A38: =+#REF! -> #REF! | B38: =+#REF! -> #REF! | C38: =+#REF! -> #REF! | E38: =IF(AND(F38<>"",H38<>""),IF(F38=H38,"E",IF(F38>H38,"G","P")),"") -> #REF! | F38: =+#REF! -> #REF! | G38: - | H38: =+#REF! -> #REF! | I38: =IF(AND(H38<>"",F38<>""),IF(H38=F38,"E",IF(H38>F38,"G","P")),"") -> #REF! | J38: =+#REF! -> #REF! | M38: =+#REF! -> #REF!
A40: =+#REF! -> #REF! | B40: =+#REF! -> #REF! | C40: =+#REF! -> #REF! | E40: =IF(AND(F40<>"",H40<>""),IF(F40=H40,"E",IF(F40>H40,"G","P")),"") -> #REF! | F40: =+#REF! -> #REF! | G40: - | H40: =+#REF! -> #REF! | I40: =IF(AND(H40<>"",F40<>""),IF(H40=F40,"E",IF(H40>F40,"G","P")),"") -> #REF! | J40: =+#REF! -> #REF! | M40: =+#REF! -> #REF!
A42: =+#REF! -> #REF! | B42: =+#REF! -> #REF! | C42: =+#REF! -> #REF! | E42: =IF(AND(F42<>"",H42<>""),IF(F42=H42,"E",IF(F42>H42,"G","P")),"") -> #REF! | F42: =+#REF! -> #REF! | G42: - | H42: =+#REF! -> #REF! | I42: =IF(AND(H42<>"",F42<>""),IF(H42=F42,"E",IF(H42>F42,"G","P")),"") -> #REF! | J42: =+#REF! -> #REF! | M42: =+#REF! -> #REF!
A44: =+#REF! -> #REF! | B44: =+#REF! -> #REF! | C44: =+#REF! -> #REF! | E44: =IF(AND(F44<>"",H44<>""),IF(F44=H44,"E",IF(F44>H44,"G","P")),"") -> #REF! | F44: =+#REF! -> #REF! | G44: - | H44: =+#REF! -> #REF! | I44: =IF(AND(H44<>"",F44<>""),IF(H44=F44,"E",IF(H44>F44,"G","P")),"") -> #REF! | J44: =+#REF! -> #REF! | M44: =+#REF! -> #REF!
A46: =+#REF! -> #REF! | B46: =+#REF! -> #REF! | C46: =+#REF! -> #REF! | E46: =IF(AND(F46<>"",H46<>""),IF(F46=H46,"E",IF(F46>H46,"G","P")),"") -> #REF! | F46: =+#REF! -> #REF! | G46: - | H46: =+#REF! -> #REF! | I46: =IF(AND(H46<>"",F46<>""),IF(H46=F46,"E",IF(H46>F46,"G","P")),"") -> #REF! | J46: =+#REF! -> #REF! | M46: =+#REF! -> #REF!
A48: NOTA: LA ORGANIZACIÓN DEL TORNEO NO SE HACE RESPONSABLE DE ACCIDENTES O PERDIDA DE ELEMENTOS DURANTE EL TRANSCURSO DEL TORNEO. Les recordamos traer el seguro de salud de los deportistas. Tarjeta de identidad Original, Registro Civil.
A53: Sede Administrativa Cra 13 No 6-43 Barrio La Florida
A54: Celular 310 241 33 76 Fijo 2 450 593
A55: soccermelgar@outlook.com
A56: Melgar - Tolima

Sheet IMPRIMIR 6
A1: Campeonato Nacional de Futbol
A2: “COPA FUTURO TALENTO”
A3: DEFINICIÓN DEL TORNEO
B4: Observación: Si el partido se define por penales, éstos deben sumarse al resultado.
B5: SEMIFINALES | Q5: Ganador
B7: =+#REF! -> #REF! | C7: =+#REF! -> #REF! | D7: =+#REF! -> #REF! | E7: =+#REF! -> #REF! | G7: =IF(AND(I7<>"",K7<>""),IF(I7=K7,"E",IF(I7>K7,"G","P")),"") -> #REF! | I7: =+#REF! -> #REF! | J7: - | K7: =+#REF! -> #REF! | L7: =IF(AND(K7<>"",I7<>""),IF(K7=I7,"E",IF(K7>I7,"G","P")),"") -> #REF! | M7: =+#REF! -> #REF! | O7: =+#REF! -> #REF! | Q7: =IF(OR(G7="E",G7=""),"",IF(G7="G",E7,M7)) -> #REF! | S7: =IF(OR(G7="E",G7=""),"",IF(G7="P",E7,M7)) -> #REF!
B10: =+#REF! -> #REF! | C10: =+#REF! -> #REF! | D10: =+#REF! -> #REF! | E10: =+#REF! -> #REF! | G10: =IF(AND(I10<>"",K10<>""),IF(I10=K10,"E",IF(I10>K10,"G","P")),"") -> #REF! | I10: =+#REF! -> #REF! | J10: - | K10: =+#REF! -> #REF! | L10: =IF(AND(K10<>"",I10<>""),IF(K10=I10,"E",IF(K10>I10,"G","P")),"") -> #REF! | M10: =+#REF! -> #REF! | O10: =+#REF! -> #REF! | Q10: =IF(OR(G10="E",G10=""),"",IF(G10="G",E10,M10)) -> #REF! | S10: =IF(OR(G10="E",G10=""),"",IF(G10="P",E10,M10)) -> #REF!
C14: =+'GRUPOS PRE JUVENIL'!D3 -> 5 Y 6 ABRIL 2025 | J14: =+'GRUPOS PRE JUVENIL'!D4 -> NACIDOS 2013 2014

Sheet IMPRIMIR 7
A1: Campeonato Nacional de Futbol
A2: “COPA FUTURO TALENTO”
A3: FINAL DEL TORNEO
B4: Observación: Si el partido se define por penales, éstos deben sumarse al resultado.
B5: Partido por el TERCER PUESTO | Q5: TERCER PUESTO
Q6: =IF(OR(G7="E",G7=""),"",IF(G7="G",H7,M7)) -> #REF!
B7: =+#REF! -> #REF! | D7: =+#REF! -> #REF! | G7: =IF(AND(I7<>"",K7<>""),IF(I7=K7,"E",IF(I7>K7,"G","P")),"") -> #REF! | H7: =+#REF! -> #REF! | I7: =+#REF! -> #REF! | J7: - | K7: =+#REF! -> #REF! | L7: =IF(AND(K7<>"",I7<>""),IF(K7=I7,"E",IF(K7>I7,"G","P")),"") -> #REF! | M7: =+#REF! -> #REF! | O7: =+#REF! -> #REF!
B11: FINAL DEL CAMPEONATO | Q11: SEGUNDO PUESTO
Q12: =IF(OR(G13="E",G13=""),"",IF(G13="P",H13,M13)) -> #REF!
B13: =+#REF! -> #REF! | D13: =+#REF! -> #REF! | G13: =IF(AND(I13<>"",K13<>""),IF(I13=K13,"E",IF(I13>K13,"G","P")),"") -> #REF! | H13: =+#REF! -> #REF! | I13: =+#REF! -> #REF! | J13: - | K13: =+#REF! -> #REF! | L13: =IF(AND(K13<>"",I13<>""),IF(K13=I13,"E",IF(K13>I13,"G","P")),"") -> #REF! | M13: =+#REF! -> #REF! | O13: =+#REF! -> #REF!
B17: CAMPEÓN “COPA FUTURO TALENTO”
B19: =IF(OR(G13="E",G13=""),"",IF(G13="G",H13,M13)) -> #REF!
C22: =+'GRUPOS PRE JUVENIL'!D3 -> 5 Y 6 ABRIL 2025 | O22: =+'GRUPOS PRE JUVENIL'!D4 -> NACIDOS 2013 2014
