Workbook

Sheet NACIDOS 2010 - 2011
A2: PLANILLA DE INSCRIPCION | M2: COMO DILIGENCIAR LA PLANILLA DE INSCRIPCIONES
A3: =+XEZ3 -> XVII Campeonato Nacional de Fútbol | M3: Escriba unicamente en los espacios de color gris. | XEZ3: XVII Campeonato Nacional de Fútbol
A4: =+XEZ4 -> “COPA SOCCER MELGAR” | M4: No copie Ni peque la informacion. | XEZ4: “COPA SOCCER MELGAR”
A5: =+XEZ5 -> NACIDOS 2010 2011 | M5: DILIGENCIAR TODO EN MAYUSCULA | XEZ5: NACIDOS 2010 2011
M6: En el espacio de fecha de nacimiento, favor hacerlo de la sigueinte manera
A7: NOMBRE DEL EQUIPO: | I7: DELEGADO | M7: EJ: 24 marzo 1983 | N7: NO UTILIZAR SIGNOS / - _
A8: CAPITAN | G8: TÉCNICO | M8: Diligenciar las casillas que corresponda
A9: EMAIL: | H9: CIUDAD: | M9: =+A5 -> NACIDOS 2010 2011 | N9: OPRIMA
A11: No | C11: NUMERO CAMISETA | D11: NOMBRES Y APELLIDOS | H11: No DOCUMENTO | J11: EDAD | K11: FECHA NACIMIENTO DIA MES AÑO | R11: 42823
A12: 1 | J12: =IF(ISBLANK(K12),"",DATEDIF(K12,TODAY(),"Y"))&" AÑOS" -> AÑOS | M12: LINK PARA IMPRIMIR CARNET
A13: 2 | J13: =IF(ISBLANK(K13),"",DATEDIF(K13,TODAY(),"Y"))&" AÑOS" -> AÑOS
A14: 3 | J14: =IF(ISBLANK(K14),"",DATEDIF(K14,TODAY(),"Y"))&" AÑOS" -> AÑOS | M14: LINK PARA IMPRIMIR PRE PLANILLA
A15: 4 | J15: =IF(ISBLANK(K15),"",DATEDIF(K15,TODAY(),"Y"))&" AÑOS" -> AÑOS
A16: 5 | J16: =IF(ISBLANK(K16),"",DATEDIF(K16,TODAY(),"Y"))&" AÑOS" -> AÑOS | M16: Imprimir a FULL COLOR
A17: 6 | J17: =IF(ISBLANK(K17),"",DATEDIF(K17,TODAY(),"Y"))&" AÑOS" -> AÑOS | M17: RECORTAR LOS CARNET
A18: 7 | J18: =IF(ISBLANK(K18),"",DATEDIF(K18,TODAY(),"Y"))&" AÑOS" -> AÑOS | M18: NO LAMINAR
A19: 8 | J19: =IF(ISBLANK(K19),"",DATEDIF(K19,TODAY(),"Y"))&" AÑOS" -> AÑOS | M19: CARNET DEBEN TENER FOTO
A20: 9 | J20: =IF(ISBLANK(K20),"",DATEDIF(K20,TODAY(),"Y"))&" AÑOS" -> AÑOS
A21: 10 | J21: =IF(ISBLANK(K21),"",DATEDIF(K21,TODAY(),"Y"))&" AÑOS" -> AÑOS
A22: 11 | J22: =IF(ISBLANK(K22),"",DATEDIF(K22,TODAY(),"Y"))&" AÑOS" -> AÑOS
A23: 12 | J23: =IF(ISBLANK(K23),"",DATEDIF(K23,TODAY(),"Y"))&" AÑOS" -> AÑOS
A24: 13 | J24: =IF(ISBLANK(K24),"",DATEDIF(K24,TODAY(),"Y"))&" AÑOS" -> AÑOS
A25: 14 | J25: =IF(ISBLANK(K25),"",DATEDIF(K25,TODAY(),"Y"))&" AÑOS" -> AÑOS
A26: 15 | J26: =IF(ISBLANK(K26),"",DATEDIF(K26,TODAY(),"Y"))&" AÑOS" -> AÑOS
A27: 16 | J27: =IF(ISBLANK(K27),"",DATEDIF(K27,TODAY(),"Y"))&" AÑOS" -> AÑOS
A28: 17 | J28: =IF(ISBLANK(K28),"",DATEDIF(K28,TODAY(),"Y"))&" AÑOS" -> AÑOS
A29: 18 | J29: =IF(ISBLANK(K29),"",DATEDIF(K29,TODAY(),"Y"))&" AÑOS" -> AÑOS
A30: 19 | J30: =IF(ISBLANK(K30),"",DATEDIF(K30,TODAY(),"Y"))&" AÑOS" -> AÑOS
A31: 20 | J31: =IF(ISBLANK(K31),"",DATEDIF(K31,TODAY(),"Y"))&" AÑOS" -> AÑOS
A32: Los equipos asumen directamente la responsabilidad, en caso de ser necesaria la Atención médica – hospitalaria, por las lesiones que se puedan producir a los jugadores producto de la competencia o alguna eventualidad, antes, durante y después del Campeonato. Eventos Deportivos Soccer Melgar y ninguno de sus miembros directivos tendrá responsabilidad civil o jurídica en caso de accidente o lesiones de los deportistas en el terreno de juego o fuera de él, es importante que los deportistas tengan su servicio médico vigente en caso de ser necesario.
A36: LA ORGANIZACIÓN DEL TORNEO NO SE HACE RESPONSABLE PERDIDA DE ELEMENTOS DURANTE EL TRANSCURSO DEL TORNEO.
A38: La presente planilla de inscripción es un documento público, cualquier falsedad es causal de las sanciones contempladas en la ley y en los reglamentos que rigen este campeonato.
A40: Sede Administrativa Cra 13 No 6-43 Barrio La Florida
A41: Celular 310 241 33 76 Fijo 2 450 593
A42: soccermelgar@outlook.com
A43: Melgar - Tolima

Sheet CARNET 2010 2011
A1: CATEGORIA | B1: =+'NACIDOS 2010 - 2011'!$A$5 -> NACIDOS 2010 2011 | E1: CATEGORIA | F1: =+'NACIDOS 2010 - 2011'!$A$5 -> NACIDOS 2010 2011 | H1: A11
A2: NOMBRE DEPORTISTA | B2: =+'NACIDOS 2010 - 2011'!$D12 -> 0 | E2: NOMBRE DEPORTISTA | F2: =+'NACIDOS 2010 - 2011'!D13 -> 0 | H2: D2.. | J2: COMO DILIGENCIAR LA PLANILLA DE INSCRIPCIONES
A3: NOMBRE DEL EQUIPO | B3: =+'NACIDOS 2010 - 2011'!$D$7 -> 0 | E3: NOMBRE DEL EQUIPO | F3: =+'NACIDOS 2010 - 2011'!$D$7 -> 0 | H3: H2..
A4: FECHA NACIMIENTO | B4: =+'NACIDOS 2010 - 2011'!K12 -> 0 | E4: FECHA NACIMIENTO | F4: =+'NACIDOS 2010 - 2011'!K13 -> 0 | H4: C2.. | J4: Escriba unicamente en los espacios de color gris.
A5: FOTO 3 X 4 | E5: FOTO 3 X 4 | H5: E13 | J5: No copie Ni peque la informacion.
B6: CIUDAD | C6: =+'NACIDOS 2010 - 2011'!$I$9 -> 0 | F6: CIUDAD | G6: =+'NACIDOS 2010 - 2011'!$I$9 -> 0 | H6: H14 | J6: En el espacio de fecha de nacimiento, favor hacerlo de la sigueinte manera
B7: NUMERO DOCUMENTO | C7: =+'NACIDOS 2010 - 2011'!H12 -> 0 | F7: NUMERO DOCUMENTO | G7: =+'NACIDOS 2010 - 2011'!H13 -> 0 | H7: I16 | J7: EJ: 24 marzo de 1983
B8: NOMBRE DEL DT | C8: =+'NACIDOS 2010 - 2011'!$H$8 -> 0 | F8: NOMBRE DEL DT | G8: =+'NACIDOS 2010 - 2011'!$H$8 -> 0 | H8: K21 | J8: Diligenciar las casillas que corresponda
B9: =+'NACIDOS 2010 - 2011'!$A$3 -> XVII Campeonato Nacional de Fútbol | F9: =+'NACIDOS 2010 - 2011'!$A$3 -> XVII Campeonato Nacional de Fútbol | J9: Cuando termine de diligenciar la informacion busque en la parte inferior
B10: =+'NACIDOS 2010 - 2011'!$A$4 -> “COPA SOCCER MELGAR” | F10: =+'NACIDOS 2010 - 2011'!$A$4 -> “COPA SOCCER MELGAR” | J10: CARNET 2010 2011 | L10: OPRIMA
J11: En esta pagina estaran los CARNETS totalmente diligenciados
B12: FIRMA DEL DELEGADO | F12: FIRMA DEL DELEGADO | J12: Favor Imprimir la PLANILLA DE INSCRIPCION Y LOS CARNETS
A14: CATEGORIA | B14: =+'NACIDOS 2010 - 2011'!$A$5 -> NACIDOS 2010 2011 | E14: CATEGORIA | F14: =+'NACIDOS 2010 - 2011'!$A$5 -> NACIDOS 2010 2011 | H14: A11 | J14: Imprimir a FULL COLOR
A15: NOMBRE DEPORTISTA | B15: =+'NACIDOS 2010 - 2011'!$D14 -> 0 | E15: NOMBRE DEPORTISTA | F15: =+'NACIDOS 2010 - 2011'!D15 -> 0 | H15: D2..
A16: NOMBRE DEL EQUIPO | B16: =+'NACIDOS 2010 - 2011'!$D$7 -> 0 | E16: NOMBRE DEL EQUIPO | F16: =+'NACIDOS 2010 - 2011'!$D$7 -> 0 | H16: H2..
A17: FECHA NACIMIENTO | B17: =+'NACIDOS 2010 - 2011'!K14 -> 0 | E17: FECHA NACIMIENTO | F17: =+'NACIDOS 2010 - 2011'!K15 -> 0 | H17: C2..
A18: FOTO 3 X 4 | E18: FOTO 3 X 4 | H18: E13 | J18: LINK PARA IMPRIMIR PRE PLANILLA
B19: CIUDAD | C19: =+'NACIDOS 2010 - 2011'!$I$9 -> 0 | F19: CIUDAD | G19: =+'NACIDOS 2010 - 2011'!$I$9 -> 0 | H19: H14
B20: NUMERO DOCUMENTO | C20: =+'NACIDOS 2010 - 2011'!H14 -> 0 | F20: NUMERO DOCUMENTO | G20: =+'NACIDOS 2010 - 2011'!H15 -> 0 | H20: I16 | J20: Imprimir a FULL COLOR
B21: NOMBRE DEL DT | C21: =+'NACIDOS 2010 - 2011'!$H$8 -> 0 | F21: NOMBRE DEL DT | G21: =+'NACIDOS 2010 - 2011'!$H$8 -> 0 | H21: K21 | J21: RECORTAR LOS CARNET | T21: MELGAR
B22: =+'NACIDOS 2010 - 2011'!$A$3 -> XVII Campeonato Nacional de Fútbol | F22: =+'NACIDOS 2010 - 2011'!$A$3 -> XVII Campeonato Nacional de Fútbol | J22: NO LAMINAR
B23: =+'NACIDOS 2010 - 2011'!$A$4 -> “COPA SOCCER MELGAR” | F23: =+'NACIDOS 2010 - 2011'!$A$4 -> “COPA SOCCER MELGAR” | J23: CARNET DEBEN TENER FOTO
B25: FIRMA DEL DELEGADO | F25: FIRMA DEL DELEGADO
A27: CATEGORIA | B27: =+'NACIDOS 2010 - 2011'!$A$5 -> NACIDOS 2010 2011 | E27: CATEGORIA | F27: =+'NACIDOS 2010 - 2011'!$A$5 -> NACIDOS 2010 2011 | H27: A11
A28: NOMBRE DEPORTISTA | B28: =+'NACIDOS 2010 - 2011'!$D16 -> 0 | E28: NOMBRE DEPORTISTA | F28: =+'NACIDOS 2010 - 2011'!D17 -> 0 | H28: D2..
A29: NOMBRE DEL EQUIPO | B29: =+'NACIDOS 2010 - 2011'!$D$7 -> 0 | E29: NOMBRE DEL EQUIPO | F29: =+'NACIDOS 2010 - 2011'!$D$7 -> 0 | H29: H2..
A30: FECHA NACIMIENTO | B30: =+'NACIDOS 2010 - 2011'!K16 -> 0 | E30: FECHA NACIMIENTO | F30: =+'NACIDOS 2010 - 2011'!K17 -> 0 | H30: C2..
A31: FOTO 3 X 4 | E31: FOTO 3 X 4 | H31: E13
B32: CIUDAD | C32: =+'NACIDOS 2010 - 2011'!$I$9 -> 0 | F32: CIUDAD | G32: =+'NACIDOS 2010 - 2011'!$I$9 -> 0 | H32: H14
B33: NUMERO DOCUMENTO | C33: =+'NACIDOS 2010 - 2011'!H16 -> 0 | F33: NUMERO DOCUMENTO | G33: =+'NACIDOS 2010 - 2011'!H17 -> 0 | H33: I16
B34: NOMBRE DEL DT | C34: =+'NACIDOS 2010 - 2011'!$H$8 -> 0 | F34: NOMBRE DEL DT | G34: =+'NACIDOS 2010 - 2011'!$H$8 -> 0 | H34: K21
B35: =+'NACIDOS 2010 - 2011'!$A$3 -> XVII Campeonato Nacional de Fútbol | F35: =+'NACIDOS 2010 - 2011'!$A$3 -> XVII Campeonato Nacional de Fútbol
B36: =+'NACIDOS 2010 - 2011'!$A$4 -> “COPA SOCCER MELGAR” | F36: =+'NACIDOS 2010 - 2011'!$A$4 -> “COPA SOCCER MELGAR”
B38: FIRMA DEL DELEGADO | F38: FIRMA DEL DELEGADO
A40: CATEGORIA | B40: =+'NACIDOS 2010 - 2011'!$A$5 -> NACIDOS 2010 2011 | E40: CATEGORIA | F40: =+'NACIDOS 2010 - 2011'!$A$5 -> NACIDOS 2010 2011 | H40: A11
A41: NOMBRE DEPORTISTA | B41: =+'NACIDOS 2010 - 2011'!$D18 -> 0 | E41: NOMBRE DEPORTISTA | F41: =+'NACIDOS 2010 - 2011'!D19 -> 0 | H41: D2..
A42: NOMBRE DEL EQUIPO | B42: =+'NACIDOS 2010 - 2011'!$D$7 -> 0 | E42: NOMBRE DEL EQUIPO | F42: =+'NACIDOS 2010 - 2011'!$D$7 -> 0 | H42: H2..
A43: FECHA NACIMIENTO | B43: =+'NACIDOS 2010 - 2011'!K18 -> 0 | E43: FECHA NACIMIENTO | F43: =+'NACIDOS 2010 - 2011'!K19 -> 0 | H43: C2..
A44: FOTO 3 X 4 | E44: FOTO 3 X 4 | H44: E13
B45: CIUDAD | C45: =+'NACIDOS 2010 - 2011'!$I$9 -> 0 | F45: CIUDAD | G45: =+'NACIDOS 2010 - 2011'!$I$9 -> 0 | H45: H14
B46: NUMERO DOCUMENTO | C46: =+'NACIDOS 2010 - 2011'!H18 -> 0 | F46: NUMERO DOCUMENTO | G46: =+'NACIDOS 2010 - 2011'!H19 -> 0 | H46: I16
B47: NOMBRE DEL DT | C47: =+'NACIDOS 2010 - 2011'!$H$8 -> 0 | F47: NOMBRE DEL DT | G47: =+'NACIDOS 2010 - 2011'!$H$8 -> 0 | H47: K21
B48: =+'NACIDOS 2010 - 2011'!$A$3 -> XVII Campeonato Nacional de Fútbol | F48: =+'NACIDOS 2010 - 2011'!$A$3 -> XVII Campeonato Nacional de Fútbol
B49: =+'NACIDOS 2010 - 2011'!$A$4 -> “COPA SOCCER MELGAR” | F49: =+'NACIDOS 2010 - 2011'!$A$4 -> “COPA SOCCER MELGAR”
B51: FIRMA DEL DELEGADO | F51: FIRMA DEL DELEGADO
A53: CATEGORIA | B53: =+'NACIDOS 2010 - 2011'!$A$5 -> NACIDOS 2010 2011 | E53: CATEGORIA | F53: =+'NACIDOS 2010 - 2011'!$A$5 -> NACIDOS 2010 2011 | H53: A11
A54: NOMBRE DEPORTISTA | B54: =+'NACIDOS 2010 - 2011'!$D20 -> 0 | E54: NOMBRE DEPORTISTA | F54: =+'NACIDOS 2010 - 2011'!D21 -> 0 | H54: D2..
A55: NOMBRE DEL EQUIPO | B55: =+'NACIDOS 2010 - 2011'!$D$7 -> 0 | E55: NOMBRE DEL EQUIPO | F55: =+'NACIDOS 2010 - 2011'!$D$7 -> 0 | H55: H2..
A56: FECHA NACIMIENTO | B56: =+'NACIDOS 2010 - 2011'!K20 -> 0 | E56: FECHA NACIMIENTO | F56: =+'NACIDOS 2010 - 2011'!K21 -> 0 | H56: C2..
A57: FOTO 3 X 4 | E57: FOTO 3 X 4 | H57: E13
B58: CIUDAD | C58: =+'NACIDOS 2010 - 2011'!$I$9 -> 0 | F58: CIUDAD | G58: =+'NACIDOS 2010 - 2011'!$I$9 -> 0 | H58: H14
B59: NUMERO DOCUMENTO | C59: =+'NACIDOS 2010 - 2011'!H20 -> 0 | F59: NUMERO DOCUMENTO | G59: =+'NACIDOS 2010 - 2011'!H21 -> 0 | H59: I16
B60: NOMBRE DEL DT | C60: =+'NACIDOS 2010 - 2011'!$H$8 -> 0 | F60: NOMBRE DEL DT | G60: =+'NACIDOS 2010 - 2011'!$H$8 -> 0 | H60: K21
B61: =+'NACIDOS 2010 - 2011'!$A$3 -> XVII Campeonato Nacional de Fútbol | F61: =+'NACIDOS 2010 - 2011'!$A$3 -> XVII Campeonato Nacional de Fútbol
B62: =+'NACIDOS 2010 - 2011'!$A$4 -> “COPA SOCCER MELGAR” | F62: =+'NACIDOS 2010 - 2011'!$A$4 -> “COPA SOCCER MELGAR”
B64: FIRMA DEL DELEGADO | F64: FIRMA DEL DELEGADO
A66: CATEGORIA | B66: =+'NACIDOS 2010 - 2011'!$A$5 -> NACIDOS 2010 2011 | E66: CATEGORIA | F66: =+'NACIDOS 2010 - 2011'!$A$5 -> NACIDOS 2010 2011 | H66: A11
A67: NOMBRE DEPORTISTA | B67: =+'NACIDOS 2010 - 2011'!$D22 -> 0 | E67: NOMBRE DEPORTISTA | F67: =+'NACIDOS 2010 - 2011'!D23 -> 0 | H67: D2..
A68: NOMBRE DEL EQUIPO | B68: =+'NACIDOS 2010 - 2011'!$D$7 -> 0 | E68: NOMBRE DEL EQUIPO | F68: =+'NACIDOS 2010 - 2011'!$D$7 -> 0 | H68: H2..
A69: FECHA NACIMIENTO | B69: =+'NACIDOS 2010 - 2011'!K22 -> 0 | E69: FECHA NACIMIENTO | F69: =+'NACIDOS 2010 - 2011'!K23 -> 0 | H69: C2..
A70: FOTO 3 X 4 | E70: FOTO 3 X 4 | H70: E13
B71: CIUDAD | C71: =+'NACIDOS 2010 - 2011'!$I$9 -> 0 | F71: CIUDAD | G71: =+'NACIDOS 2010 - 2011'!$I$9 -> 0 | H71: H14
B72: NUMERO DOCUMENTO | C72: =+'NACIDOS 2010 - 2011'!H22 -> 0 | F72: NUMERO DOCUMENTO | G72: =+'NACIDOS 2010 - 2011'!H23 -> 0 | H72: I16
B73: NOMBRE DEL DT | C73: =+'NACIDOS 2010 - 2011'!$H$8 -> 0 | F73: NOMBRE DEL DT | G73: =+'NACIDOS 2010 - 2011'!$H$8 -> 0 | H73: K21
B74: =+'NACIDOS 2010 - 2011'!$A$3 -> XVII Campeonato Nacional de Fútbol | F74: =+'NACIDOS 2010 - 2011'!$A$3 -> XVII Campeonato Nacional de Fútbol
B75: =+'NACIDOS 2010 - 2011'!$A$4 -> “COPA SOCCER MELGAR” | F75: =+'NACIDOS 2010 - 2011'!$A$4 -> “COPA SOCCER MELGAR”
B77: FIRMA DEL DELEGADO | F77: FIRMA DEL DELEGADO
A79: CATEGORIA | B79: =+'NACIDOS 2010 - 2011'!$A$5 -> NACIDOS 2010 2011 | E79: CATEGORIA | F79: =+'NACIDOS 2010 - 2011'!$A$5 -> NACIDOS 2010 2011 | H79: A11
A80: NOMBRE DEPORTISTA | B80: =+'NACIDOS 2010 - 2011'!$D24 -> 0 | E80: NOMBRE DEPORTISTA | F80: =+'NACIDOS 2010 - 2011'!D25 -> 0 | H80: D2..
A81: NOMBRE DEL EQUIPO | B81: =+'NACIDOS 2010 - 2011'!$D$7 -> 0 | E81: NOMBRE DEL EQUIPO | F81: =+'NACIDOS 2010 - 2011'!$D$7 -> 0 | H81: H2..
A82: FECHA NACIMIENTO | B82: =+'NACIDOS 2010 - 2011'!K24 -> 0 | E82: FECHA NACIMIENTO | F82: =+'NACIDOS 2010 - 2011'!K25 -> 0 | H82: C2..
A83: FOTO 3 X 4 | E83: FOTO 3 X 4 | H83: E13
B84: CIUDAD | C84: =+'NACIDOS 2010 - 2011'!$I$9 -> 0 | F84: CIUDAD | G84: =+'NACIDOS 2010 - 2011'!$I$9 -> 0 | H84: H14
B85: NUMERO DOCUMENTO | C85: =+'NACIDOS 2010 - 2011'!H24 -> 0 | F85: NUMERO DOCUMENTO | G85: =+'NACIDOS 2010 - 2011'!H25 -> 0 | H85: I16
B86: NOMBRE DEL DT | C86: =+'NACIDOS 2010 - 2011'!$H$8 -> 0 | F86: NOMBRE DEL DT | G86: =+'NACIDOS 2010 - 2011'!$H$8 -> 0 | H86: K21
B87: =+'NACIDOS 2010 - 2011'!$A$3 -> XVII Campeonato Nacional de Fútbol | F87: =+'NACIDOS 2010 - 2011'!$A$3 -> XVII Campeonato Nacional de Fútbol
B88: =+'NACIDOS 2010 - 2011'!$A$4 -> “COPA SOCCER MELGAR” | F88: =+'NACIDOS 2010 - 2011'!$A$4 -> “COPA SOCCER MELGAR”
B90: FIRMA DEL DELEGADO | F90: FIRMA DEL DELEGADO
A92: CATEGORIA | B92: =+'NACIDOS 2010 - 2011'!$A$5 -> NACIDOS 2010 2011 | E92: CATEGORIA | F92: =+'NACIDOS 2010 - 2011'!$A$5 -> NACIDOS 2010 2011 | H92: A11
A93: NOMBRE DEPORTISTA | B93: =+'NACIDOS 2010 - 2011'!$D26 -> 0 | E93: NOMBRE DEPORTISTA | F93: =+'NACIDOS 2010 - 2011'!D27 -> 0 | H93: D2..
A94: NOMBRE DEL EQUIPO | B94: =+'NACIDOS 2010 - 2011'!$D$7 -> 0 | E94: NOMBRE DEL EQUIPO | F94: =+'NACIDOS 2010 - 2011'!$D$7 -> 0 | H94: H2..
A95: FECHA NACIMIENTO | B95: =+'NACIDOS 2010 - 2011'!K26 -> 0 | E95: FECHA NACIMIENTO | F95: =+'NACIDOS 2010 - 2011'!K27 -> 0 | H95: C2..
A96: FOTO 3 X 4 | E96: FOTO 3 X 4 | H96: E13
B97: CIUDAD | C97: =+'NACIDOS 2010 - 2011'!$I$9 -> 0 | F97: CIUDAD | G97: =+'NACIDOS 2010 - 2011'!$I$9 -> 0 | H97: H14
B98: NUMERO DOCUMENTO | C98: =+'NACIDOS 2010 - 2011'!H26 -> 0 | F98: NUMERO DOCUMENTO | G98: =+'NACIDOS 2010 - 2011'!H27 -> 0 | H98: I16
B99: NOMBRE DEL DT | C99: =+'NACIDOS 2010 - 2011'!$H$8 -> 0 | F99: NOMBRE DEL DT | G99: =+'NACIDOS 2010 - 2011'!$H$8 -> 0 | H99: K21
B100: =+'NACIDOS 2010 - 2011'!$A$3 -> XVII Campeonato Nacional de Fútbol | F100: =+'NACIDOS 2010 - 2011'!$A$3 -> XVII Campeonato Nacional de Fútbol
B101: =+'NACIDOS 2010 - 2011'!$A$4 -> “COPA SOCCER MELGAR” | F101: =+'NACIDOS 2010 - 2011'!$A$4 -> “COPA SOCCER MELGAR”
B103: FIRMA DEL DELEGADO | F103: FIRMA DEL DELEGADO
A105: CATEGORIA | B105: =+'NACIDOS 2010 - 2011'!$A$5 -> NACIDOS 2010 2011 | E105: CATEGORIA | F105: =+'NACIDOS 2010 - 2011'!$A$5 -> NACIDOS 2010 2011 | H105: A11
A106: NOMBRE DEPORTISTA | B106: =+'NACIDOS 2010 - 2011'!$D28 -> 0 | E106: NOMBRE DEPORTISTA | F106: =+'NACIDOS 2010 - 2011'!D29 -> 0 | H106: D2..
A107: NOMBRE DEL EQUIPO | B107: =+'NACIDOS 2010 - 2011'!$D$7 -> 0 | E107: NOMBRE DEL EQUIPO | F107: =+'NACIDOS 2010 - 2011'!$D$7 -> 0 | H107: H2..
A108: FECHA NACIMIENTO | B108: =+'NACIDOS 2010 - 2011'!K28 -> 0 | E108: FECHA NACIMIENTO | F108: =+'NACIDOS 2010 - 2011'!K29 -> 0 | H108: C2..
A109: FOTO 3 X 4 | E109: FOTO 3 X 4 | H109: E13
B110: CIUDAD | C110: =+'NACIDOS 2010 - 2011'!$I$9 -> 0 | F110: CIUDAD | G110: =+'NACIDOS 2010 - 2011'!$I$9 -> 0 | H110: H14
B111: NUMERO DOCUMENTO | C111: =+'NACIDOS 2010 - 2011'!H28 -> 0 | F111: NUMERO DOCUMENTO | G111: =+'NACIDOS 2010 - 2011'!H29 -> 0 | H111: I16
B112: NOMBRE DEL DT | C112: =+'NACIDOS 2010 - 2011'!$H$8 -> 0 | F112: NOMBRE DEL DT | G112: =+'NACIDOS 2010 - 2011'!$H$8 -> 0 | H112: K21
B113: =+'NACIDOS 2010 - 2011'!$A$3 -> XVII Campeonato Nacional de Fútbol | F113: =+'NACIDOS 2010 - 2011'!$A$3 -> XVII Campeonato Nacional de Fútbol
B114: =+'NACIDOS 2010 - 2011'!$A$4 -> “COPA SOCCER MELGAR” | F114: =+'NACIDOS 2010 - 2011'!$A$4 -> “COPA SOCCER MELGAR”
B116: FIRMA DEL DELEGADO | F116: FIRMA DEL DELEGADO
...

Sheet IMPRIM Y PRESENTAR EN CADA PART
B2: FECHA 1 | M2: FECHA 2 | X2: SE DEBEN IMPRIMIR | AE2: ThiagoMalaver123
B3: =+'NACIDOS 2010 - 2011'!A3&Z4&'NACIDOS 2010 - 2011'!A4 -> XVII Campeonato Nacional de Fútbol “COPA SOCCER MELGAR” | M3: =+B3 -> XVII Campeonato Nacional de Fútbol “COPA SOCCER MELGAR” | X3: LOS TRES JUEGOS DE
B4: =+'NACIDOS 2010 - 2011'!A7&Z4&'NACIDOS 2010 - 2011'!D7 -> NOMBRE DEL EQUIPO: | M4: =+B4 -> NOMBRE DEL EQUIPO: | X4: PRE PLANILLAS
B5: =+'CARNET 2010 2011'!A14&Z4&'NACIDOS 2010 - 2011'!A5 -> CATEGORIA NACIDOS 2010 2011 | M5: =+B5 -> CATEGORIA NACIDOS 2010 2011 | X5: FECHA 1 Y FECHA 2
B6: HORA DEL ENCUENTRO | M6: HORA DEL ENCUENTRO | X6: FECHA 3 Y FECHA 4
B7: CANCHA | M7: CANCHA | X7: FECHA SEMIFINAL Y FECHA FINAL
B8: =+'NACIDOS 2010 - 2011'!G8&Z4&'NACIDOS 2010 - 2011'!H8 -> TÉCNICO | M8: =+B8 -> TÉCNICO
B9: FAVOR MARCAR CON UNA X LOS TITULARES | M9: FAVOR MARCAR CON UNA X LOS TITULARES
B10: LISTADO OFICIAL JUGADORES | M10: LISTADO OFICIAL JUGADORES
C11: # DOCUMENTO | D11: TITULAR | E11: NUMERO CAMISETA | F11: NOMBRE DEPORTISTA | G11: GOL | H11: T.A. | I11: T.R. | J11: TEMPERATURA | N11: # DOCUMENTO | O11: TITULAR | P11: NUMERO CAMISETA | Q11: NOMBRE DEPORTISTA | R11: GOL | S11: T.A. | T11: T.R. | U11: TEMPERATURA
B12: 1 | C12: =+'NACIDOS 2010 - 2011'!H12 -> 0 | E12: =+'NACIDOS 2010 - 2011'!C12 -> 0 | F12: =+'NACIDOS 2010 - 2011'!D12 -> 0 | M12: 1 | N12: =+C12 -> 0 | P12: =+E12 -> 0 | Q12: =+F12 -> 0
B13: 2 | C13: =+'NACIDOS 2010 - 2011'!H13 -> 0 | E13: =+'NACIDOS 2010 - 2011'!C13 -> 0 | F13: =+'NACIDOS 2010 - 2011'!D13 -> 0 | M13: 2 | N13: =+C13 -> 0 | P13: =+E13 -> 0 | Q13: =+F13 -> 0
B14: 3 | C14: =+'NACIDOS 2010 - 2011'!H14 -> 0 | E14: =+'NACIDOS 2010 - 2011'!C14 -> 0 | F14: =+'NACIDOS 2010 - 2011'!D14 -> 0 | M14: 3 | N14: =+C14 -> 0 | P14: =+E14 -> 0 | Q14: =+F14 -> 0
B15: 4 | C15: =+'NACIDOS 2010 - 2011'!H15 -> 0 | E15: =+'NACIDOS 2010 - 2011'!C15 -> 0 | F15: =+'NACIDOS 2010 - 2011'!D15 -> 0 | M15: 4 | N15: =+C15 -> 0 | P15: =+E15 -> 0 | Q15: =+F15 -> 0
B16: 5 | C16: =+'NACIDOS 2010 - 2011'!H16 -> 0 | E16: =+'NACIDOS 2010 - 2011'!C16 -> 0 | F16: =+'NACIDOS 2010 - 2011'!D16 -> 0 | M16: 5 | N16: =+C16 -> 0 | P16: =+E16 -> 0 | Q16: =+F16 -> 0
B17: 6 | C17: =+'NACIDOS 2010 - 2011'!H17 -> 0 | E17: =+'NACIDOS 2010 - 2011'!C17 -> 0 | F17: =+'NACIDOS 2010 - 2011'!D17 -> 0 | M17: 6 | N17: =+C17 -> 0 | P17: =+E17 -> 0 | Q17: =+F17 -> 0
B18: 7 | C18: =+'NACIDOS 2010 - 2011'!H18 -> 0 | E18: =+'NACIDOS 2010 - 2011'!C18 -> 0 | F18: =+'NACIDOS 2010 - 2011'!D18 -> 0 | M18: 7 | N18: =+C18 -> 0 | P18: =+E18 -> 0 | Q18: =+F18 -> 0
B19: 8 | C19: =+'NACIDOS 2010 - 2011'!H19 -> 0 | E19: =+'NACIDOS 2010 - 2011'!C19 -> 0 | F19: =+'NACIDOS 2010 - 2011'!D19 -> 0 | M19: 8 | N19: =+C19 -> 0 | P19: =+E19 -> 0 | Q19: =+F19 -> 0
B20: 9 | C20: =+'NACIDOS 2010 - 2011'!H20 -> 0 | E20: =+'NACIDOS 2010 - 2011'!C20 -> 0 | F20: =+'NACIDOS 2010 - 2011'!D20 -> 0 | M20: 9 | N20: =+C20 -> 0 | P20: =+E20 -> 0 | Q20: =+F20 -> 0
B21: 10 | C21: =+'NACIDOS 2010 - 2011'!H21 -> 0 | E21: =+'NACIDOS 2010 - 2011'!C21 -> 0 | F21: =+'NACIDOS 2010 - 2011'!D21 -> 0 | M21: 10 | N21: =+C21 -> 0 | P21: =+E21 -> 0 | Q21: =+F21 -> 0
B22: 11 | C22: =+'NACIDOS 2010 - 2011'!H22 -> 0 | E22: =+'NACIDOS 2010 - 2011'!C22 -> 0 | F22: =+'NACIDOS 2010 - 2011'!D22 -> 0 | M22: 11 | N22: =+C22 -> 0 | P22: =+E22 -> 0 | Q22: =+F22 -> 0
B23: 12 | C23: =+'NACIDOS 2010 - 2011'!H23 -> 0 | E23: =+'NACIDOS 2010 - 2011'!C23 -> 0 | F23: =+'NACIDOS 2010 - 2011'!D23 -> 0 | M23: 12 | N23: =+C23 -> 0 | P23: =+E23 -> 0 | Q23: =+F23 -> 0
... B31: 20 | C31: =+'NACIDOS 2010 - 2011'!H31 -> 0 | E31: =+'NACIDOS 2010 - 2011'!C31 -> 0 | F31: =+'NACIDOS 2010 - 2011'!D31 -> 0 | M31: 20 | N31: =+C31 -> 0 | P31: =+E31 -> 0 | Q31: =+F31 -> 0
B32: FAVOR ENTREGAR LISTADO DE JUGADORES - 30 MINUTOS ANTES DE INICIAR EL ENCUENTRO. | M32: FAVOR ENTREGAR LISTADO DE JUGADORES - 30 MINUTOS ANTES DE INICIAR EL ENCUENTRO.
B33: CARNET Y DOCUMENTO ORIGINAL PARA VALIDACION. | M33: CARNET Y DOCUMENTO ORIGINAL PARA VALIDACION.
B37: FECHA 3 | M37: FECHA 4
B38: =+B3 -> XVII Campeonato Nacional de Fútbol “COPA SOCCER MELGAR” | M38: =+M3 -> XVII Campeonato Nacional de Fútbol “COPA SOCCER MELGAR”
B39: =+B4 -> NOMBRE DEL EQUIPO: | M39: =+M4 -> NOMBRE DEL EQUIPO:
B40: =+B5 -> CATEGORIA NACIDOS 2010 2011 | M40: =+M5 -> CATEGORIA NACIDOS 2010 2011
B41: HORA DEL ENCUENTRO | M41: HORA DEL ENCUENTRO
B42: CANCHA | M42: CANCHA
B43: =+B8 -> TÉCNICO | M43: =+M8 -> TÉCNICO
C44: FAVOR MARCAR CON UNA X LOS TITULARES | N44: FAVOR MARCAR CON UNA X LOS TITULARES
C45: LISTADO OFICIAL JUGADORES | N45: LISTADO OFICIAL JUGADORES
C46: # DOCUMENTO | D46: TITULAR | E46: NUMERO CAMISETA | F46: NOMBRE DEPORTISTA | G46: GOL | H46: T.A. | I46: T.R. | J46: TEMPERATURA | N46: # DOCUMENTO | O46: TITULAR | P46: NUMERO CAMISETA | Q46: NOMBRE DEPORTISTA | R46: GOL | S46: T.A. | T46: T.R. | U46: TEMPERATURA
B47: 1 | C47: =+C12 -> 0 | E47: =+E12 -> 0 | F47: =+F12 -> 0 | M47: 1 | N47: =+C12 -> 0 | P47: =+E12 -> 0 | Q47: =+F12 -> 0
B48: 2 | C48: =+C13 -> 0 | E48: =+E13 -> 0 | F48: =+F13 -> 0 | M48: 2 | N48: =+C13 -> 0 | P48: =+E13 -> 0 | Q48: =+F13 -> 0
B49: 3 | C49: =+C14 -> 0 | E49: =+E14 -> 0 | F49: =+F14 -> 0 | M49: 3 | N49: =+C14 -> 0 | P49: =+E14 -> 0 | Q49: =+F14 -> 0
B50: 4 | C50: =+C15 -> 0 | E50: =+E15 -> 0 | F50: =+F15 -> 0 | M50: 4 | N50: =+C15 -> 0 | P50: =+E15 -> 0 | Q50: =+F15 -> 0
B51: 5 | C51: =+C16 -> 0 | E51: =+E16 -> 0 | F51: =+F16 -> 0 | M51: 5 | N51: =+C16 -> 0 | P51: =+E16 -> 0 | Q51: =+F16 -> 0
B52: 6 | C52: =+C17 -> 0 | E52: =+E17 -> 0 | F52: =+F17 -> 0 | M52: 6 | N52: =+C17 -> 0 | P52: =+E17 -> 0 | Q52: =+F17 -> 0
B53: 7 | C53: =+C18 -> 0 | E53: =+E18 -> 0 | F53: =+F18 -> 0 | M53: 7 | N53: =+C18 -> 0 | P53: =+E18 -> 0 | Q53: =+F18 -> 0
B54: 8 | C54: =+C19 -> 0 | E54: =+E19 -> 0 | F54: =+F19 -> 0 | M54: 8 | N54: =+C19 -> 0 | P54: =+E19 -> 0 | Q54: =+F19 -> 0
B55: 9 | C55: =+C20 -> 0 | E55: =+E20 -> 0 | F55: =+F20 -> 0 | M55: 9 | N55: =+C20 -> 0 | P55: =+E20 -> 0 | Q55: =+F20 -> 0
B56: 10 | C56: =+C21 -> 0 | E56: =+E21 -> 0 | F56: =+F21 -> 0 | M56: 10 | N56: =+C21 -> 0 | P56: =+E21 -> 0 | Q56: =+F21 -> 0
B57: 11 | C57: =+C22 -> 0 | E57: =+E22 -> 0 | F57: =+F22 -> 0 | M57: 11 | N57: =+C22 -> 0 | P57: =+E22 -> 0 | Q57: =+F22 -> 0
B58: 12 | C58: =+C23 -> 0 | E58: =+E23 -> 0 | F58: =+F23 -> 0 | M58: 12 | N58: =+C23 -> 0 | P58: =+E23 -> 0 | Q58: =+F23 -> 0
... B66: 20 | C66: =+C31 -> 0 | E66: =+E31 -> 0 | F66: =+F31 -> 0 | M66: 20 | N66: =+C31 -> 0 | P66: =+E31 -> 0 | Q66: =+F31 -> 0
B67: FAVOR ENTREGAR LISTADO DE JUGADORES - 30 MINUTOS ANTES DE INICIAR EL ENCUENTRO. | M67: FAVOR ENTREGAR LISTADO DE JUGADORES - 30 MINUTOS ANTES DE INICIAR EL ENCUENTRO.
B68: CARNET VALIDADO. | M68: CARNET VALIDADO.
B72: SEMIFINAL | M72: OTRO LUG___ TERCER LUG ___ FINAL___
B73: =+B38 -> XVII Campeonato Nacional de Fútbol “COPA SOCCER MELGAR” | M73: =+M38 -> XVII Campeonato Nacional de Fútbol “COPA SOCCER MELGAR”
B74: =+B39 -> NOMBRE DEL EQUIPO: | M74: =+M39 -> NOMBRE DEL EQUIPO:
B75: =+B40 -> CATEGORIA NACIDOS 2010 2011 | M75: =+M40 -> CATEGORIA NACIDOS 2010 2011
B76: HORA DEL ENCUENTRO | M76: HORA DEL ENCUENTRO
B77: CANCHA | M77: CANCHA
B78: =+B43 -> TÉCNICO | M78: =+M43 -> TÉCNICO
C79: FAVOR MARCAR CON UNA X LOS TITULARES | N79: FAVOR MARCAR CON UNA X LOS TITULARES
C80: LISTADO OFICIAL JUGADORES | N80: LISTADO OFICIAL JUGADORES
C81: # DOCUMENTO | D81: TITULAR | E81: NUMERO CAMISETA | F81: NOMBRE DEPORTISTA | G81: GOL | H81: T.A. | I81: T.R. | J81: TEMPERATURA | N81: # DOCUMENTO | O81: TITULAR | P81: NUMERO CAMISETA | Q81: NOMBRE DEPORTISTA | R81: GOL | S81: T.A. | T81: T.R. | U81: TEMPERATURA
B82: 1 | C82: =+C47 -> 0 | E82: =+E12 -> 0 | F82: =+F47 -> 0 | M82: 1 | N82: =+C47 -> 0 | P82: =+E82 -> 0 | Q82: =+F47 -> 0
B83: 2 | C83: =+C48 -> 0 | E83: =+E13 -> 0 | F83: =+F48 -> 0 | M83: 2 | N83: =+C48 -> 0 | P83: =+E83 -> 0 | Q83: =+F48 -> 0
B84: 3 | C84: =+C49 -> 0 | E84: =+E14 -> 0 | F84: =+F49 -> 0 | M84: 3 | N84: =+C49 -> 0 | P84: =+E84 -> 0 | Q84: =+F49 -> 0
B85: 4 | C85: =+C50 -> 0 | E85: =+E15 -> 0 | F85: =+F50 -> 0 | M85: 4 | N85: =+C50 -> 0 | P85: =+E85 -> 0 | Q85: =+F50 -> 0
B86: 5 | C86: =+C51 -> 0 | E86: =+E16 -> 0 | F86: =+F51 -> 0 | M86: 5 | N86: =+C51 -> 0 | P86: =+E86 -> 0 | Q86: =+F51 -> 0
B87: 6 | C87: =+C52 -> 0 | E87: =+E17 -> 0 | F87: =+F52 -> 0 | M87: 6 | N87: =+C52 -> 0 | P87: =+E87 -> 0 | Q87: =+F52 -> 0
B88: 7 | C88: =+C53 -> 0 | E88: =+E18 -> 0 | F88: =+F53 -> 0 | M88: 7 | N88: =+C53 -> 0 | P88: =+E88 -> 0 | Q88: =+F53 -> 0
B89: 8 | C89: =+C54 -> 0 | E89: =+E19 -> 0 | F89: =+F54 -> 0 | M89: 8 | N89: =+C54 -> 0 | P89: =+E89 -> 0 | Q89: =+F54 -> 0
B90: 9 | C90: =+C55 -> 0 | E90: =+E20 -> 0 | F90: =+F55 -> 0 | M90: 9 | N90: =+C55 -> 0 | P90: =+E90 -> 0 | Q90: =+F55 -> 0
B91: 10 | C91: =+C56 -> 0 | E91: =+E21 -> 0 | F91: =+F56 -> 0 | M91: 10 | N91: =+C56 -> 0 | P91: =+E91 -> 0 | Q91: =+F56 -> 0
B92: 11 | C92: =+C57 -> 0 | E92: =+E22 -> 0 | F92: =+F57 -> 0 | M92: 11 | N92: =+C57 -> 0 | P92: =+E92 -> 0 | Q92: =+F57 -> 0
B93: 12 | C93: =+C58 -> 0 | E93: =+E23 -> 0 | F93: =+F58 -> 0 | M93: 12 | N93: =+C58 -> 0 | P93: =+E93 -> 0 | Q93: =+F58 -> 0
... B101: 20 | C101: =+C66 -> 0 | E101: =+E31 -> 0 | F101: =+F66 -> 0 | M101: 20 | N101: =+C66 -> 0 | P101: =+E101 -> 0 | Q101: =+F66 -> 0
B102: FAVOR ENTREGAR LISTADO DE JUGADORES - 30 MINUTOS ANTES DE INICIAR EL ENCUENTRO. | M102: FAVOR ENTREGAR LISTADO DE JUGADORES - 30 MINUTOS ANTES DE INICIAR EL ENCUENTRO.
B103: CARNET VALIDADO. | M103: CARNET VALIDADO.

Sheet BABY FUTBOL CARNET
A5: CATEGORIA | B5: =+#REF! -> #REF! | D5: CATEGORIA | E5: =+#REF! -> #REF! | F5: A11
A6: DIRECTOR TECNICO | B6: =+#REF! -> #REF! | D6: DELEGADO | E6: =+#REF! -> #REF! | F6: D2..
F7: H2..
F8: C2..
A9: NOMBRE DEL EQUIPO | B9: =+#REF! -> #REF! | D9: NOMBRE DEL EQUIPO | E9: =+#REF! -> #REF! | F9: E13
D10: NOMBRE DEL DT | E10: =+#REF! -> #REF! | F10: H14
A11: CIUDAD | B11: =+#REF! -> #REF! | D11: CIUDAD | E11: =+#REF! -> #REF! | F11: I16
F12: K21
A13: FIRMA DEL DELEGADO _________________________________ | D13: FIRMA DEL DELEGADO _________________________________
A14: V Campeonato Nacional de Fútbol | D14: V Campeonato Nacional de Fútbol
A15: “COPA FUTURO TALENTO” | D15: “COPA FUTURO TALENTO”
A17: "Yo hago lo que usted no puede, | D17: "Yo hago lo que usted no puede,
A18: y usted hace lo que yo no puedo.... | D18: y usted hace lo que yo no puedo....
A19: Juntos podemos hacer grandes cosas." | D19: Juntos podemos hacer grandes cosas."
A20: Madre Teresa de Calcuta | D20: Madre Teresa de Calcuta
A26: CATEGORIA | B26: =+#REF! -> #REF! | D26: CATEGORIA | E26: =+#REF! -> #REF! | F26: A11
A27: NOMBRE DEPORTISTA | B27: =+#REF! -> #REF! | D27: NOMBRE DEPORTISTA | E27: =+#REF! -> #REF! | F27: D2..
A28: NUMERO DOCUMENTO | B28: =+#REF! -> #REF! | D28: NUMERO DOCUMENTO | E28: =+#REF! -> #REF! | F28: H2..
A29: NUMERO CAMISETA | B29: =+#REF! -> #REF! | D29: NUMERO CAMISETA | E29: =+#REF! -> #REF! | F29: C2..
A30: NOMBRE DEL EQUIPO | B30: =+#REF! -> #REF! | D30: NOMBRE DEL EQUIPO | E30: =+#REF! -> #REF! | F30: E13
A31: NOMBRE DEL DT | B31: =+#REF! -> #REF! | D31: NOMBRE DEL DT | E31: =+#REF! -> #REF! | F31: H14
A32: CIUDAD | B32: =+#REF! -> #REF! | D32: CIUDAD | E32: =+#REF! -> #REF! | F32: I16
A33: FECHA NACIMIENTO | B33: =+#REF! -> #REF! | D33: FECHA NACIMIENTO | E33: =+#REF! -> #REF! | F33: K21
A34: FIRMA DEL DELEGADO _________________________________ | D34: FIRMA DEL DELEGADO _________________________________
A35: V Campeonato Nacional de Fútbol | D35: V Campeonato Nacional de Fútbol
A36: “COPA FUTURO TALENTO” | D36: “COPA FUTURO TALENTO”
A38: "Yo hago lo que usted no puede, | D38: "Yo hago lo que usted no puede,
A39: y usted hace lo que yo no puedo.... | D39: y usted hace lo que yo no puedo....
A40: Juntos podemos hacer grandes cosas." | D40: Juntos podemos hacer grandes cosas."
A41: Madre Teresa de Calcuta | D41: Madre Teresa de Calcuta
A47: CATEGORIA | B47: =+#REF! -> #REF! | D47: CATEGORIA | E47: =+#REF! -> #REF! | F47: A11
A48: NOMBRE DEPORTISTA | B48: =+#REF! -> #REF! | D48: NOMBRE DEPORTISTA | E48: =+#REF! -> #REF! | F48: D2..
A49: NUMERO DOCUMENTO | B49: =+#REF! -> #REF! | D49: NUMERO DOCUMENTO | E49: =+#REF! -> #REF! | F49: H2..
A50: NUMERO CAMISETA | B50: =+#REF! -> #REF! | D50: NUMERO CAMISETA | E50: =+#REF! -> #REF! | F50: C2..
A51: NOMBRE DEL EQUIPO | B51: =+#REF! -> #REF! | D51: NOMBRE DEL EQUIPO | E51: =+#REF! -> #REF! | F51: E13
A52: NOMBRE DEL DT | B52: =+#REF! -> #REF! | D52: NOMBRE DEL DT | E52: =+#REF! -> #REF! | F52: H14
A53: CIUDAD | B53: =+#REF! -> #REF! | D53: CIUDAD | E53: =+#REF! -> #REF! | F53: I16
A54: FECHA NACIMIENTO | B54: =+#REF! -> #REF! | D54: FECHA NACIMIENTO | E54: =+#REF! -> #REF! | F54: K21
A55: FIRMA DEL DELEGADO _________________________________ | D55: FIRMA DEL DELEGADO _________________________________
A56: V Campeonato Nacional de Fútbol | D56: V Campeonato Nacional de Fútbol
A57: “COPA FUTURO TALENTO” | D57: “COPA FUTURO TALENTO”
A59: "Yo hago lo que usted no puede, | D59: "Yo hago lo que usted no puede,
A60: y usted hace lo que yo no puedo.... | D60: y usted hace lo que yo no puedo....
A61: Juntos podemos hacer grandes cosas." | D61: Juntos podemos hacer grandes cosas."
A62: Madre Teresa de Calcuta | D62: Madre Teresa de Calcuta
A68: CATEGORIA | B68: =+#REF! -> #REF! | D68: CATEGORIA | E68: =+#REF! -> #REF! | F68: A11
A69: NOMBRE DEPORTISTA | B69: =+#REF! -> #REF! | D69: NOMBRE DEPORTISTA | E69: =+#REF! -> #REF! | F69: D2..
A70: NUMERO DOCUMENTO | B70: =+#REF! -> #REF! | D70: NUMERO DOCUMENTO | E70: =+#REF! -> #REF! | F70: H2..
A71: NUMERO CAMISETA | B71: =+#REF! -> #REF! | D71: NUMERO CAMISETA | E71: =+#REF! -> #REF! | F71: C2..
A72: NOMBRE DEL EQUIPO | B72: =+#REF! -> #REF! | D72: NOMBRE DEL EQUIPO | E72: =+#REF! -> #REF! | F72: E13
A73: NOMBRE DEL DT | B73: =+#REF! -> #REF! | D73: NOMBRE DEL DT | E73: =+#REF! -> #REF! | F73: H14
A74: CIUDAD | B74: =+#REF! -> #REF! | D74: CIUDAD | E74: =+#REF! -> #REF! | F74: I16
A75: FECHA NACIMIENTO | B75: =+#REF! -> #REF! | D75: FECHA NACIMIENTO | E75: =+#REF! -> #REF! | F75: K21
A76: FIRMA DEL DELEGADO _________________________________ | D76: FIRMA DEL DELEGADO _________________________________
A77: V Campeonato Nacional de Fútbol | D77: V Campeonato Nacional de Fútbol
A78: “COPA FUTURO TALENTO” | D78: “COPA FUTURO TALENTO”
A80: "Yo hago lo que usted no puede, | D80: "Yo hago lo que usted no puede,
A81: y usted hace lo que yo no puedo.... | D81: y usted hace lo que yo no puedo....
A82: Juntos podemos hacer grandes cosas." | D82: Juntos podemos hacer grandes cosas."
A83: Madre Teresa de Calcuta | D83: Madre Teresa de Calcuta
A89: CATEGORIA | B89: =+#REF! -> #REF! | D89: CATEGORIA | E89: =+#REF! -> #REF! | F89: A11
A90: NOMBRE DEPORTISTA | B90: =+#REF! -> #REF! | D90: NOMBRE DEPORTISTA | E90: =+#REF! -> #REF! | F90: D2..
A91: NUMERO DOCUMENTO | B91: =+#REF! -> #REF! | D91: NUMERO DOCUMENTO | E91: =+#REF! -> #REF! | F91: H2..
A92: NUMERO CAMISETA | B92: =+#REF! -> #REF! | D92: NUMERO CAMISETA | E92: =+#REF! -> #REF! | F92: C2..
A93: NOMBRE DEL EQUIPO | B93: =+#REF! -> #REF! | D93: NOMBRE DEL EQUIPO | E93: =+#REF! -> #REF! | F93: E13
A94: NOMBRE DEL DT | B94: =+#REF! -> #REF! | D94: NOMBRE DEL DT | E94: =+#REF! -> #REF! | F94: H14
A95: CIUDAD | B95: =+#REF! -> #REF! | D95: CIUDAD | E95: =+#REF! -> #REF! | F95: I16
A96: FECHA NACIMIENTO | B96: =+#REF! -> #REF! | D96: FECHA NACIMIENTO | E96: =+#REF! -> #REF! | F96: K21
A97: FIRMA DEL DELEGADO _________________________________ | D97: FIRMA DEL DELEGADO _________________________________
A98: V Campeonato Nacional de Fútbol | D98: V Campeonato Nacional de Fútbol
A99: “COPA FUTURO TALENTO” | D99: “COPA FUTURO TALENTO”
A101: "Yo hago lo que usted no puede, | D101: "Yo hago lo que usted no puede,
A102: y usted hace lo que yo no puedo.... | D102: y usted hace lo que yo no puedo....
A103: Juntos podemos hacer grandes cosas." | D103: Juntos podemos hacer grandes cosas."
A104: Madre Teresa de Calcuta | D104: Madre Teresa de Calcuta
A110: CATEGORIA | B110: =+#REF! -> #REF! | D110: CATEGORIA | E110: =+#REF! -> #REF! | F110: A11
A111: NOMBRE DEPORTISTA | B111: =+#REF! -> #REF! | D111: NOMBRE DEPORTISTA | E111: =+#REF! -> #REF! | F111: D2..
A112: NUMERO DOCUMENTO | B112: =+#REF! -> #REF! | D112: NUMERO DOCUMENTO | E112: =+#REF! -> #REF! | F112: H2..
A113: NUMERO CAMISETA | B113: =+#REF! -> #REF! | D113: NUMERO CAMISETA | E113: =+#REF! -> #REF! | F113: C2..
A114: NOMBRE DEL EQUIPO | B114: =+#REF! -> #REF! | D114: NOMBRE DEL EQUIPO | E114: =+#REF! -> #REF! | F114: E13
A115: NOMBRE DEL DT | B115: =+#REF! -> #REF! | D115: NOMBRE DEL DT | E115: =+#REF! -> #REF! | F115: H14
A116: CIUDAD | B116: =+#REF! -> #REF! | D116: CIUDAD | E116: =+#REF! -> #REF! | F116: I16
A117: FECHA NACIMIENTO | B117: =+#REF! -> #REF! | D117: FECHA NACIMIENTO | E117: =+#REF! -> #REF! | F117: K21
A118: FIRMA DEL DELEGADO _________________________________ | D118: FIRMA DEL DELEGADO _________________________________
A119: V Campeonato Nacional de Fútbol | D119: V Campeonato Nacional de Fútbol
A120: “COPA FUTURO TALENTO” | D120: “COPA FUTURO TALENTO”
A122: "Yo hago lo que usted no puede, | D122: "Yo hago lo que usted no puede,
A123: y usted hace lo que yo no puedo.... | D123: y usted hace lo que yo no puedo....
A124: Juntos podemos hacer grandes cosas." | D124: Juntos podemos hacer grandes cosas."
A125: Madre Teresa de Calcuta | D125: Madre Teresa de Calcuta
A131: CATEGORIA | B131: =+#REF! -> #REF! | D131: CATEGORIA | E131: =+#REF! -> #REF! | F131: A11
A132: NOMBRE DEPORTISTA | B132: =+#REF! -> #REF! | D132: NOMBRE DEPORTISTA | E132: =+#REF! -> #REF! | F132: D2..
A133: NUMERO DOCUMENTO | B133: =+#REF! -> #REF! | D133: NUMERO DOCUMENTO | E133: =+#REF! -> #REF! | F133: H2..
A134: NUMERO CAMISETA | B134: =+#REF! -> #REF! | D134: NUMERO CAMISETA | E134: =+#REF! -> #REF! | F134: C2..
A135: NOMBRE DEL EQUIPO | B135: =+#REF! -> #REF! | D135: NOMBRE DEL EQUIPO | E135: =+#REF! -> #REF! | F135: E13
A136: NOMBRE DEL DT | B136: =+#REF! -> #REF! | D136: NOMBRE DEL DT | E136: =+#REF! -> #REF! | F136: H14
A137: CIUDAD | B137: =+#REF! -> #REF! | D137: CIUDAD | E137: =+#REF! -> #REF! | F137: I16
A138: FECHA NACIMIENTO | B138: =+#REF! -> #REF! | D138: FECHA NACIMIENTO | E138: =+#REF! -> #REF! | F138: K21
A139: FIRMA DEL DELEGADO _________________________________ | D139: FIRMA DEL DELEGADO _________________________________
A140: V Campeonato Nacional de Fútbol | D140: V Campeonato Nacional de Fútbol
...

Sheet PRE INFANTIL CARNET
A5: CATEGORIA | B5: =+#REF! -> #REF! | D5: CATEGORIA | E5: =+#REF! -> #REF! | F5: A11
A6: TECNICO | B6: =+#REF! -> #REF! | D6: DELEGADO | E6: =+#REF! -> #REF! | F6: D2..
F7: H2..
F8: C2..
A9: NOMBRE DEL EQUIPO | B9: =+#REF! -> #REF! | D9: NOMBRE DEL EQUIPO | E9: =+#REF! -> #REF! | F9: E13
D10: NOMBRE DEL DT | E10: =+#REF! -> #REF! | F10: H14
A11: CIUDAD | B11: =+#REF! -> #REF! | D11: CIUDAD | E11: =+#REF! -> #REF! | F11: I16
F12: K21
A13: FIRMA DEL DELEGADO _________________________________ | D13: FIRMA DEL DELEGADO _________________________________
A14: V Campeonato Nacional de Fútbol | D14: V Campeonato Nacional de Fútbol
A15: “COPA FUTURO TALENTO” | D15: “COPA FUTURO TALENTO”
A17: "Yo hago lo que usted no puede, | D17: "Yo hago lo que usted no puede,
A18: y usted hace lo que yo no puedo.... | D18: y usted hace lo que yo no puedo....
A19: Juntos podemos hacer grandes cosas." | D19: Juntos podemos hacer grandes cosas."
A20: Madre Teresa de Calcuta | D20: Madre Teresa de Calcuta
A26: CATEGORIA | B26: =+#REF! -> #REF! | D26: CATEGORIA | E26: =+#REF! -> #REF! | F26: A11
A27: NOMBRE DEPORTISTA | B27: =+#REF! -> #REF! | D27: NOMBRE DEPORTISTA | E27: =+#REF! -> #REF! | F27: D2..
A28: NUMERO DOCUMENTO | B28: =+#REF! -> #REF! | D28: NUMERO DOCUMENTO | E28: =+#REF! -> #REF! | F28: H2..
A29: NUMERO CAMISETA | B29: =+#REF! -> #REF! | D29: NUMERO CAMISETA | E29: =+#REF! -> #REF! | F29: C2..
A30: NOMBRE DEL EQUIPO | B30: =+#REF! -> #REF! | D30: NOMBRE DEL EQUIPO | E30: =+#REF! -> #REF! | F30: E13
A31: NOMBRE DEL DT | B31: =+#REF! -> #REF! | D31: NOMBRE DEL DT | E31: =+#REF! -> #REF! | F31: H14
A32: CIUDAD | B32: =+#REF! -> #REF! | D32: CIUDAD | E32: =+#REF! -> #REF! | F32: I16
A33: FECHA NACIMIENTO | B33: =+#REF! -> #REF! | D33: FECHA NACIMIENTO | E33: =+#REF! -> #REF! | F33: K21
A34: FIRMA DEL DELEGADO _________________________________ | D34: FIRMA DEL DELEGADO _________________________________
A35: V Campeonato Nacional de Fútbol | D35: V Campeonato Nacional de Fútbol
A36: “COPA FUTURO TALENTO” | D36: “COPA FUTURO TALENTO”
A38: "Yo hago lo que usted no puede, | D38: "Yo hago lo que usted no puede,
A39: y usted hace lo que yo no puedo.... | D39: y usted hace lo que yo no puedo....
A40: Juntos podemos hacer grandes cosas." | D40: Juntos podemos hacer grandes cosas."
A41: Madre Teresa de Calcuta | D41: Madre Teresa de Calcuta
A47: CATEGORIA | B47: =+#REF! -> #REF! | D47: CATEGORIA | E47: =+#REF! -> #REF! | F47: A11
A48: NOMBRE DEPORTISTA | B48: =+#REF! -> #REF! | D48: NOMBRE DEPORTISTA | E48: =+#REF! -> #REF! | F48: D2..
A49: NUMERO DOCUMENTO | B49: =+#REF! -> #REF! | D49: NUMERO DOCUMENTO | E49: =+#REF! -> #REF! | F49: H2..
A50: NUMERO CAMISETA | B50: =+#REF! -> #REF! | D50: NUMERO CAMISETA | E50: =+#REF! -> #REF! | F50: C2..
A51: NOMBRE DEL EQUIPO | B51: =+#REF! -> #REF! | D51: NOMBRE DEL EQUIPO | E51: =+#REF! -> #REF! | F51: E13
A52: NOMBRE DEL DT | B52: =+#REF! -> #REF! | D52: NOMBRE DEL DT | E52: =+#REF! -> #REF! | F52: H14
A53: CIUDAD | B53: =+#REF! -> #REF! | D53: CIUDAD | E53: =+#REF! -> #REF! | F53: I16
A54: FECHA NACIMIENTO | B54: =+#REF! -> #REF! | D54: FECHA NACIMIENTO | E54: =+#REF! -> #REF! | F54: K21
A55: FIRMA DEL DELEGADO _________________________________ | D55: FIRMA DEL DELEGADO _________________________________
A56: V Campeonato Nacional de Fútbol | D56: V Campeonato Nacional de Fútbol
A57: “COPA FUTURO TALENTO” | D57: “COPA FUTURO TALENTO”
A59: "Yo hago lo que usted no puede, | D59: "Yo hago lo que usted no puede,
A60: y usted hace lo que yo no puedo.... | D60: y usted hace lo que yo no puedo....
A61: Juntos podemos hacer grandes cosas." | D61: Juntos podemos hacer grandes cosas."
A62: Madre Teresa de Calcuta | D62: Madre Teresa de Calcuta
A68: CATEGORIA | B68: =+#REF! -> #REF! | D68: CATEGORIA | E68: =+#REF! -> #REF! | F68: A11
A69: NOMBRE DEPORTISTA | B69: =+#REF! -> #REF! | D69: NOMBRE DEPORTISTA | E69: =+#REF! -> #REF! | F69: D2..
A70: NUMERO DOCUMENTO | B70: =+#REF! -> #REF! | D70: NUMERO DOCUMENTO | E70: =+#REF! -> #REF! | F70: H2..
A71: NUMERO CAMISETA | B71: =+#REF! -> #REF! | D71: NUMERO CAMISETA | E71: =+#REF! -> #REF! | F71: C2..
A72: NOMBRE DEL EQUIPO | B72: =+#REF! -> #REF! | D72: NOMBRE DEL EQUIPO | E72: =+#REF! -> #REF! | F72: E13
A73: NOMBRE DEL DT | B73: =+#REF! -> #REF! | D73: NOMBRE DEL DT | E73: =+#REF! -> #REF! | F73: H14
A74: CIUDAD | B74: =+#REF! -> #REF! | D74: CIUDAD | E74: =+#REF! -> #REF! | F74: I16
A75: FECHA NACIMIENTO | B75: =+#REF! -> #REF! | D75: FECHA NACIMIENTO | E75: =+#REF! -> #REF! | F75: K21
A76: FIRMA DEL DELEGADO _________________________________ | D76: FIRMA DEL DELEGADO _________________________________
A77: V Campeonato Nacional de Fútbol | D77: V Campeonato Nacional de Fútbol
A78: “COPA FUTURO TALENTO” | D78: “COPA FUTURO TALENTO”
A80: "Yo hago lo que usted no puede, | D80: "Yo hago lo que usted no puede,
A81: y usted hace lo que yo no puedo.... | D81: y usted hace lo que yo no puedo....
A82: Juntos podemos hacer grandes cosas." | D82: Juntos podemos hacer grandes cosas."
A83: Madre Teresa de Calcuta | D83: Madre Teresa de Calcuta
A89: CATEGORIA | B89: =+#REF! -> #REF! | D89: CATEGORIA | E89: =+#REF! -> #REF! | F89: A11
A90: NOMBRE DEPORTISTA | B90: =+#REF! -> #REF! | D90: NOMBRE DEPORTISTA | E90: =+#REF! -> #REF! | F90: D2..
A91: NUMERO DOCUMENTO | B91: =+#REF! -> #REF! | D91: NUMERO DOCUMENTO | E91: =+#REF! -> #REF! | F91: H2..
A92: NUMERO CAMISETA | B92: =+#REF! -> #REF! | D92: NUMERO CAMISETA | E92: =+#REF! -> #REF! | F92: C2..
A93: NOMBRE DEL EQUIPO | B93: =+#REF! -> #REF! | D93: NOMBRE DEL EQUIPO | E93: =+#REF! -> #REF! | F93: E13
A94: NOMBRE DEL DT | B94: =+#REF! -> #REF! | D94: NOMBRE DEL DT | E94: =+#REF! -> #REF! | F94: H14
A95: CIUDAD | B95: =+#REF! -> #REF! | D95: CIUDAD | E95: =+#REF! -> #REF! | F95: I16
A96: FECHA NACIMIENTO | B96: =+#REF! -> #REF! | D96: FECHA NACIMIENTO | E96: =+#REF! -> #REF! | F96: K21
A97: FIRMA DEL DELEGADO _________________________________ | D97: FIRMA DEL DELEGADO _________________________________
A98: V Campeonato Nacional de Fútbol | D98: V Campeonato Nacional de Fútbol
A99: “COPA FUTURO TALENTO” | D99: “COPA FUTURO TALENTO”
A101: "Yo hago lo que usted no puede, | D101: "Yo hago lo que usted no puede,
A102: y usted hace lo que yo no puedo.... | D102: y usted hace lo que yo no puedo....
A103: Juntos podemos hacer grandes cosas." | D103: Juntos podemos hacer grandes cosas."
A104: Madre Teresa de Calcuta | D104: Madre Teresa de Calcuta
A110: CATEGORIA | B110: =+#REF! -> #REF! | D110: CATEGORIA | E110: =+#REF! -> #REF! | F110: A11
A111: NOMBRE DEPORTISTA | B111: =+#REF! -> #REF! | D111: NOMBRE DEPORTISTA | E111: =+#REF! -> #REF! | F111: D2..
A112: NUMERO DOCUMENTO | B112: =+#REF! -> #REF! | D112: NUMERO DOCUMENTO | E112: =+#REF! -> #REF! | F112: H2..
A113: NUMERO CAMISETA | B113: =+#REF! -> #REF! | D113: NUMERO CAMISETA | E113: =+#REF! -> #REF! | F113: C2..
A114: NOMBRE DEL EQUIPO | B114: =+#REF! -> #REF! | D114: NOMBRE DEL EQUIPO | E114: =+#REF! -> #REF! | F114: E13
A115: NOMBRE DEL DT | B115: =+#REF! -> #REF! | D115: NOMBRE DEL DT | E115: =+#REF! -> #REF! | F115: H14
A116: CIUDAD | B116: =+#REF! -> #REF! | D116: CIUDAD | E116: =+#REF! -> #REF! | F116: I16
A117: FECHA NACIMIENTO | B117: =+#REF! -> #REF! | D117: FECHA NACIMIENTO | E117: =+#REF! -> #REF! | F117: K21
A118: FIRMA DEL DELEGADO _________________________________ | D118: FIRMA DEL DELEGADO _________________________________
A119: V Campeonato Nacional de Fútbol | D119: V Campeonato Nacional de Fútbol
A120: “COPA FUTURO TALENTO” | D120: “COPA FUTURO TALENTO”
A122: "Yo hago lo que usted no puede, | D122: "Yo hago lo que usted no puede,
A123: y usted hace lo que yo no puedo.... | D123: y usted hace lo que yo no puedo....
A124: Juntos podemos hacer grandes cosas." | D124: Juntos podemos hacer grandes cosas."
A125: Madre Teresa de Calcuta | D125: Madre Teresa de Calcuta
A131: CATEGORIA | B131: =+#REF! -> #REF! | D131: CATEGORIA | E131: =+#REF! -> #REF! | F131: A11
A132: NOMBRE DEPORTISTA | B132: =+#REF! -> #REF! | D132: NOMBRE DEPORTISTA | E132: =+#REF! -> #REF! | F132: D2..
A133: NUMERO DOCUMENTO | B133: =+#REF! -> #REF! | D133: NUMERO DOCUMENTO | E133: =+#REF! -> #REF! | F133: H2..
A134: NUMERO CAMISETA | B134: =+#REF! -> #REF! | D134: NUMERO CAMISETA | E134: =+#REF! -> #REF! | F134: C2..
A135: NOMBRE DEL EQUIPO | B135: =+#REF! -> #REF! | D135: NOMBRE DEL EQUIPO | E135: =+#REF! -> #REF! | F135: E13
A136: NOMBRE DEL DT | B136: =+#REF! -> #REF! | D136: NOMBRE DEL DT | E136: =+#REF! -> #REF! | F136: H14
A137: CIUDAD | B137: =+#REF! -> #REF! | D137: CIUDAD | E137: =+#REF! -> #REF! | F137: I16
A138: FECHA NACIMIENTO | B138: =+#REF! -> #REF! | D138: FECHA NACIMIENTO | E138: =+#REF! -> #REF! | F138: K21
A139: FIRMA DEL DELEGADO _________________________________ | D139: FIRMA DEL DELEGADO _________________________________
A140: V Campeonato Nacional de Fútbol | D140: V Campeonato Nacional de Fútbol
...

Sheet INFANTIL CARNET
A5: CATEGORIA | B5: =+#REF! -> #REF! | D5: CATEGORIA | E5: =+#REF! -> #REF! | F5: A11
A6: TECNICO | B6: =+#REF! -> #REF! | D6: DELEGADO | E6: =+#REF! -> #REF! | F6: D2..
F7: H2..
F8: C2..
A9: NOMBRE DEL EQUIPO | B9: =+#REF! -> #REF! | D9: NOMBRE DEL EQUIPO | E9: =+#REF! -> #REF! | F9: E13
D10: NOMBRE DEL DT | E10: =+#REF! -> #REF! | F10: H14
A11: CIUDAD | B11: =+#REF! -> #REF! | D11: CIUDAD | E11: =+#REF! -> #REF!
F12: K21
A13: FIRMA DEL DELEGADO _________________________________ | D13: FIRMA DEL DELEGADO _________________________________
A14: V Campeonato Nacional de Fútbol | D14: V Campeonato Nacional de Fútbol
A15: “COPA FUTURO TALENTO” | D15: “COPA FUTURO TALENTO”
A17: "Yo hago lo que usted no puede, | D17: "Yo hago lo que usted no puede,
A18: y usted hace lo que yo no puedo.... | D18: y usted hace lo que yo no puedo....
A19: Juntos podemos hacer grandes cosas." | D19: Juntos podemos hacer grandes cosas."
A20: Madre Teresa de Calcuta | D20: Madre Teresa de Calcuta
A26: CATEGORIA | B26: =+#REF! -> #REF! | D26: CATEGORIA | E26: =+#REF! -> #REF! | F26: A11
A27: NOMBRE DEPORTISTA | B27: =+#REF! -> #REF! | D27: NOMBRE DEPORTISTA | E27: =+#REF! -> #REF! | F27: D2..
A28: NUMERO DOCUMENTO | B28: =+#REF! -> #REF! | D28: NUMERO DOCUMENTO | E28: =+#REF! -> #REF! | F28: H2..
A29: NUMERO CAMISETA | B29: =+#REF! -> #REF! | D29: NUMERO CAMISETA | E29: =+#REF! -> #REF! | F29: C2..
A30: NOMBRE DEL EQUIPO | B30: =+#REF! -> #REF! | D30: NOMBRE DEL EQUIPO | E30: =+#REF! -> #REF! | F30: E13
A31: NOMBRE DEL DT | B31: =+#REF! -> #REF! | D31: NOMBRE DEL DT | E31: =+#REF! -> #REF! | F31: H14
A32: CIUDAD | B32: =+#REF! -> #REF! | D32: CIUDAD | E32: =+#REF! -> #REF!
A33: FECHA NACIMIENTO | B33: =+#REF! -> #REF! | D33: FECHA NACIMIENTO | E33: =+#REF! -> #REF! | F33: K21
A34: FIRMA DEL DELEGADO _________________________________ | D34: FIRMA DEL DELEGADO _________________________________
A35: V Campeonato Nacional de Fútbol | D35: V Campeonato Nacional de Fútbol
A36: “COPA FUTURO TALENTO” | D36: “COPA FUTURO TALENTO”
A38: "Yo hago lo que usted no puede, | D38: "Yo hago lo que usted no puede,
A39: y usted hace lo que yo no puedo.... | D39: y usted hace lo que yo no puedo....
A40: Juntos podemos hacer grandes cosas." | D40: Juntos podemos hacer grandes cosas."
A41: Madre Teresa de Calcuta | D41: Madre Teresa de Calcuta
A47: CATEGORIA | B47: =+#REF! -> #REF! | D47: CATEGORIA | E47: =+#REF! -> #REF! | F47: A11
A48: NOMBRE DEPORTISTA | B48: =+#REF! -> #REF! | D48: NOMBRE DEPORTISTA | E48: =+#REF! -> #REF! | F48: D2..
A49: NUMERO DOCUMENTO | B49: =+#REF! -> #REF! | D49: NUMERO DOCUMENTO | E49: =+#REF! -> #REF! | F49: H2..
A50: NUMERO CAMISETA | B50: =+#REF! -> #REF! | D50: NUMERO CAMISETA | E50: =+#REF! -> #REF! | F50: C2..
A51: NOMBRE DEL EQUIPO | B51: =+#REF! -> #REF! | D51: NOMBRE DEL EQUIPO | E51: =+#REF! -> #REF! | F51: E13
A52: NOMBRE DEL DT | B52: =+#REF! -> #REF! | D52: NOMBRE DEL DT | E52: =+#REF! -> #REF! | F52: H14
A53: CIUDAD | B53: =+#REF! -> #REF! | D53: CIUDAD | E53: =+#REF! -> #REF! | F53: I16
A54: FECHA NACIMIENTO | B54: =+#REF! -> #REF! | D54: FECHA NACIMIENTO | E54: =+#REF! -> #REF! | F54: K21
A55: FIRMA DEL DELEGADO _________________________________ | D55: FIRMA DEL DELEGADO _________________________________
A56: V Campeonato Nacional de Fútbol | D56: V Campeonato Nacional de Fútbol
A57: “COPA FUTURO TALENTO” | D57: “COPA FUTURO TALENTO”
A59: "Yo hago lo que usted no puede, | D59: "Yo hago lo que usted no puede,
A60: y usted hace lo que yo no puedo.... | D60: y usted hace lo que yo no puedo....
A61: Juntos podemos hacer grandes cosas." | D61: Juntos podemos hacer grandes cosas."
A62: Madre Teresa de Calcuta | D62: Madre Teresa de Calcuta
A68: CATEGORIA | B68: =+#REF! -> #REF! | D68: CATEGORIA | E68: =+#REF! -> #REF! | F68: A11
A69: NOMBRE DEPORTISTA | B69: =+#REF! -> #REF! | D69: NOMBRE DEPORTISTA | E69: =+#REF! -> #REF! | F69: D2..
A70: NUMERO DOCUMENTO | B70: =+#REF! -> #REF! | D70: NUMERO DOCUMENTO | E70: =+#REF! -> #REF! | F70: H2..
A71: NUMERO CAMISETA | B71: =+#REF! -> #REF! | D71: NUMERO CAMISETA | E71: =+#REF! -> #REF! | F71: C2..
A72: NOMBRE DEL EQUIPO | B72: =+#REF! -> #REF! | D72: NOMBRE DEL EQUIPO | E72: =+#REF! -> #REF! | F72: E13
A73: NOMBRE DEL DT | B73: =+#REF! -> #REF! | D73: NOMBRE DEL DT | E73: =+#REF! -> #REF! | F73: H14
A74: CIUDAD | B74: =+#REF! -> #REF! | D74: CIUDAD | E74: =+#REF! -> #REF! | F74: I16
A75: FECHA NACIMIENTO | B75: =+#REF! -> #REF! | D75: FECHA NACIMIENTO | E75: =+#REF! -> #REF! | F75: K21
A76: FIRMA DEL DELEGADO _________________________________ | D76: FIRMA DEL DELEGADO _________________________________
A77: V Campeonato Nacional de Fútbol | D77: V Campeonato Nacional de Fútbol
A78: “COPA FUTURO TALENTO” | D78: “COPA FUTURO TALENTO”
A80: "Yo hago lo que usted no puede, | D80: "Yo hago lo que usted no puede,
A81: y usted hace lo que yo no puedo.... | D81: y usted hace lo que yo no puedo....
A82: Juntos podemos hacer grandes cosas." | D82: Juntos podemos hacer grandes cosas."
A83: Madre Teresa de Calcuta | D83: Madre Teresa de Calcuta
A89: CATEGORIA | B89: =+#REF! -> #REF! | D89: CATEGORIA | E89: =+#REF! -> #REF! | F89: A11
A90: NOMBRE DEPORTISTA | B90: =+#REF! -> #REF! | D90: NOMBRE DEPORTISTA | E90: =+#REF! -> #REF! | F90: D2..
A91: NUMERO DOCUMENTO | B91: =+#REF! -> #REF! | D91: NUMERO DOCUMENTO | E91: =+#REF! -> #REF! | F91: H2..
A92: NUMERO CAMISETA | B92: =+#REF! -> #REF! | D92: NUMERO CAMISETA | E92: =+#REF! -> #REF! | F92: C2..
A93: NOMBRE DEL EQUIPO | B93: =+#REF! -> #REF! | D93: NOMBRE DEL EQUIPO | E93: =+#REF! -> #REF! | F93: E13
A94: NOMBRE DEL DT | B94: =+#REF! -> #REF! | D94: NOMBRE DEL DT | E94: =+#REF! -> #REF! | F94: H14
A95: CIUDAD | B95: =+#REF! -> #REF! | D95: CIUDAD | E95: =+#REF! -> #REF! | F95: I16
A96: FECHA NACIMIENTO | B96: =+#REF! -> #REF! | D96: FECHA NACIMIENTO | E96: =+#REF! -> #REF! | F96: K21
A97: FIRMA DEL DELEGADO _________________________________ | D97: FIRMA DEL DELEGADO _________________________________
A98: V Campeonato Nacional de Fútbol | D98: V Campeonato Nacional de Fútbol
A99: “COPA FUTURO TALENTO” | D99: “COPA FUTURO TALENTO”
A101: "Yo hago lo que usted no puede, | D101: "Yo hago lo que usted no puede,
A102: y usted hace lo que yo no puedo.... | D102: y usted hace lo que yo no puedo....
A103: Juntos podemos hacer grandes cosas." | D103: Juntos podemos hacer grandes cosas."
A104: Madre Teresa de Calcuta | D104: Madre Teresa de Calcuta
A110: CATEGORIA | B110: =+#REF! -> #REF! | D110: CATEGORIA | E110: =+#REF! -> #REF! | F110: A11
A111: NOMBRE DEPORTISTA | B111: =+#REF! -> #REF! | D111: NOMBRE DEPORTISTA | E111: =+#REF! -> #REF! | F111: D2..
A112: NUMERO DOCUMENTO | B112: =+#REF! -> #REF! | D112: NUMERO DOCUMENTO | E112: =+#REF! -> #REF! | F112: H2..
A113: NUMERO CAMISETA | B113: =+#REF! -> #REF! | D113: NUMERO CAMISETA | E113: =+#REF! -> #REF! | F113: C2..
A114: NOMBRE DEL EQUIPO | B114: =+#REF! -> #REF! | D114: NOMBRE DEL EQUIPO | E114: =+#REF! -> #REF! | F114: E13
A115: NOMBRE DEL DT | B115: =+#REF! -> #REF! | D115: NOMBRE DEL DT | E115: =+#REF! -> #REF! | F115: H14
A116: CIUDAD | B116: =+#REF! -> #REF! | D116: CIUDAD | E116: =+#REF! -> #REF! | F116: I16
A117: FECHA NACIMIENTO | B117: =+#REF! -> #REF! | D117: FECHA NACIMIENTO | E117: =+#REF! -> #REF! | F117: K21
A118: FIRMA DEL DELEGADO _________________________________ | D118: FIRMA DEL DELEGADO _________________________________
A119: V Campeonato Nacional de Fútbol | D119: V Campeonato Nacional de Fútbol
A120: “COPA FUTURO TALENTO” | D120: “COPA FUTURO TALENTO”
A122: "Yo hago lo que usted no puede, | D122: "Yo hago lo que usted no puede,
A123: y usted hace lo que yo no puedo.... | D123: y usted hace lo que yo no puedo....
A124: Juntos podemos hacer grandes cosas." | D124: Juntos podemos hacer grandes cosas."
A125: Madre Teresa de Calcuta | D125: Madre Teresa de Calcuta
A131: CATEGORIA | B131: =+#REF! -> #REF! | D131: CATEGORIA | E131: =+#REF! -> #REF! | F131: A11
A132: NOMBRE DEPORTISTA | B132: =+#REF! -> #REF! | D132: NOMBRE DEPORTISTA | E132: =+#REF! -> #REF! | F132: D2..
A133: NUMERO DOCUMENTO | B133: =+#REF! -> #REF! | D133: NUMERO DOCUMENTO | E133: =+#REF! -> #REF! | F133: H2..
A134: NUMERO CAMISETA | B134: =+#REF! -> #REF! | D134: NUMERO CAMISETA | E134: =+#REF! -> #REF! | F134: C2..
A135: NOMBRE DEL EQUIPO | B135: =+#REF! -> #REF! | D135: NOMBRE DEL EQUIPO | E135: =+#REF! -> #REF! | F135: E13
A136: NOMBRE DEL DT | B136: =+#REF! -> #REF! | D136: NOMBRE DEL DT | E136: =+#REF! -> #REF! | F136: H14
A137: CIUDAD | B137: =+#REF! -> #REF! | D137: CIUDAD | E137: =+#REF! -> #REF! | F137: I16
A138: FECHA NACIMIENTO | B138: =+#REF! -> #REF! | D138: FECHA NACIMIENTO | E138: =+#REF! -> #REF! | F138: K21
A139: FIRMA DEL DELEGADO _________________________________ | D139: FIRMA DEL DELEGADO _________________________________
A140: V Campeonato Nacional de Fútbol | D140: V Campeonato Nacional de Fútbol
...
